"ano";"mes";"mes_ano";"hom_doloso";"lesao_corp_morte";"latrocinio";"cvli";"hom_por_interv_policial";"letalidade_violenta";"tentat_hom";"lesao_corp_dolosa";"estupro";"hom_culposo";"lesao_corp_culposa";"roubo_transeunte";"roubo_celular";"roubo_em_coletivo";"roubo_rua";"roubo_veiculo";"roubo_carga";"roubo_comercio";"roubo_residencia";"roubo_banco";"roubo_cx_eletronico";"roubo_conducao_saque";"roubo_apos_saque";"roubo_bicicleta";"outros_roubos";"total_roubos";"furto_veiculos";"furto_transeunte";"furto_coletivo";"furto_celular";"furto_bicicleta";"outros_furtos";"total_furtos";"sequestro";"extorsao";"sequestro_relampago";"estelionato";"apreensao_drogas";"posse_drogas";"trafico_drogas";"apreensao_drogas_sem_autor";"recuperacao_veiculos";"apf";"aaapai";"cmp";"cmba";"ameaca";"pessoas_desaparecidas";"encontro_cadaver";"encontro_ossada";"pol_militares_mortos_serv";"pol_civis_mortos_serv";"registro_ocorrencias";"fase"
2003;1;"2003m01";"4,01";"0,04";"0,14";"4,19";"0,61";"4,8";"2,48";"46,94";"1,67";"1,11";"21,08";"9,71";"6,58";"4,48";"20,77";"95,87";"2,43";"4,01";"1,17";"0,03";"0,01";"0,12";"1,43";;"18,09";"70,08";"13,21";"6,69";"0,33";"5,17";;"45,95";"71,36";"0,01";"0,16";"0";"6,02";"6,83";;;;"80,73";;;;;"41,71";"2,78";"0,98";"0,02";;;"304,9";"3"
2003;2;"2003m02";"3,97";"0,03";"0,08";"4,08";"0,76";"4,83";"2,46";"48,32";"1,5";"1,28";"21,83";"10,43";"6,55";"4,7";"21,69";"93,49";"3,02";"4,9";"1,16";"0,08";"0";"0,14";"1,59";;"18,24";"72,38";"11,79";"5,84";"0,36";"4,41";;"47,95";"70,35";"0,02";"0,2";"0";"5,46";"7,89";;;;"79,01";;;;;"41,16";"2,89";"1,27";"0,03";;;"309,05";"3"
2003;3;"2003m03";"4,17";"0,03";"0,11";"4,32";"0,77";"5,08";"2,26";"47,43";"1,61";"1,28";"20,37";"10,46";"6,68";"4,65";"21,79";"85,99";"2,11";"4,36";"1,21";"0,05";"0,01";"0,22";"1,29";;"16,96";"67,9";"12,48";"6,42";"0,37";"4,4";;"51,04";"74,71";"0";"0,2";"0";"5,59";"7,71";;;;"78,55";;;;;"39,43";"3,14";"1,06";"0,05";;;"309,13";"3"
2003;4;"2003m04";"3,98";"0,07";"0,1";"4,15";"0,85";"5";"2,02";"43,84";"1,46";"1,41";"20,98";"10,41";"6,85";"4,25";"21,51";"87";"2,06";"4,78";"1,15";"0,07";"0";"0,25";"1,58";;"17,99";"69,57";"11,53";"5,31";"0,39";"3,68";;"49,94";"70,85";"0,02";"0,28";"0";"5,57";"7,22";;;;"79,28";;;;;"38,29";"2,35";"0,82";"0,03";;;"300,72";"3"
2003;5;"2003m05";"4,08";"0,04";"0,14";"4,25";"0,65";"4,91";"2,59";"39,77";"1,29";"1,55";"22,34";"10,6";"7,3";"4,51";"22,41";"92,62";"2,35";"4,85";"1,28";"0,02";"0,01";"0,18";"1,86";;"19,51";"74,01";"12,28";"5,53";"0,39";"3,77";;"48,91";"70,87";"0,01";"0,39";"0";"5,95";"6,94";;;;"86,57";;;;;"37";"2,84";"1";"0,03";;;"310,15";"3"
2003;6;"2003m06";"3,72";"0,01";"0,1";"3,82";"0,59";"4,41";"2,15";"42,88";"1,35";"1,61";"22,04";"9,7";"6,55";"3,67";"19,93";"78,35";"2,12";"4,38";"0,95";"0,03";"0";"0,21";"1,67";;"16,92";"64,5";"10,45";"5,35";"0,24";"3,29";;"43,29";"62,63";"0,01";"0,4";"0";"5,85";"7,65";;;;"71,96";;;;;"38,56";"2,63";"0,94";"0,03";;;"300,05";"3"
2003;7;"2003m07";"3,55";"0,05";"0,11";"3,72";"0,67";"4,39";"2,76";"41,09";"1,27";"1,32";"21,74";"9,4";"6,86";"2,87";"19,12";"73,9";"2,18";"5,14";"1,17";"0,03";"0";"0,15";"1,87";;"16,91";"63,7";"11,24";"4,91";"0,24";"3,86";;"44,42";"64,68";"0";"0,32";"0,02";"6,58";"8,13";;;;"69,33";;;;;"37,53";"2,26";"0,79";"0,02";;;"300,92";"3"
2003;8;"2003m08";"3,37";"0,03";"0,07";"3,46";"0,63";"4,1";"2,69";"39,3";"1,38";"1,26";"21,9";"10,04";"7,01";"2,35";"19,4";"73,09";"2,06";"3,92";"1,1";"0,01";"0";"0,12";"1,52";;"17,46";"62,58";"10,71";"4,89";"0,28";"3,6";;"42,73";"62,21";"0,01";"0,34";"0,04";"6,06";"7,85";;;;"68,97";;;;;"35,62";"2,59";"1,22";"0,03";;;"286,35";"3"
2003;9;"2003m09";"3,45";"0,03";"0,11";"3,58";"0,69";"4,27";"1,83";"40,8";"1,46";"1,23";"21,45";"10,13";"8,1";"2,54";"20,77";"72,98";"1,83";"3,85";"1,27";"0,01";"0,01";"0,18";"1,61";;"18,79";"65,3";"10,39";"4,69";"0,23";"4,42";;"45,39";"65,11";"0,01";"0,52";"0,03";"6,51";"7,65";;;;"68,85";;;;;"39,24";"2,88";"0,72";"0,03";;;"299,79";"3"
2003;10;"2003m10";"3,29";"0,01";"0,11";"3,41";"0,89";"4,3";"2,32";"41,65";"1,41";"1,26";"24,02";"9,81";"8,6";"2,32";"20,74";"77,88";"2,44";"3,79";"0,96";"0";"0,01";"0,18";"1,63";;"18,78";"66,73";"10,46";"4,64";"0,21";"4,34";;"45,61";"65,26";"0";"0,81";"0,02";"6,83";"8,03";;;;"66,09";;;;;"38,42";"2,59";"0,65";"0,04";;;"304,43";"3"
2003;11;"2003m11";"3,56";"0,02";"0,08";"3,66";"0,51";"4,16";"2,18";"46,13";"1,56";"1,17";"22,84";"9,72";"7,61";"2,46";"19,79";"69,84";"2,2";"3,52";"1,04";"0,01";"0";"0,09";"1,57";;"16,97";"61,56";"10,51";"5,1";"0,26";"4,4";;"43,9";"64,17";"0,01";"0,59";"0,03";"6,42";"7,91";;;;"61,56";;;;;"40,69";"2,93";"0,7";"0,03";;;"296,49";"3"
2003;12;"2003m12";"3,72";"0,01";"0,08";"3,82";"0,48";"4,3";"2,19";"51,55";"1,49";"1,62";"25,76";"10,67";"7,68";"2,04";"20,39";"76,42";"2,77";"3,66";"1,23";"0,03";"0,01";"0,13";"1,89";;"18,32";"66,43";"10,02";"6,22";"0,15";"4,09";;"46,79";"67,28";"0,01";"0,59";"0,03";"5,68";"6,59";;;;"62,08";;;;;"42,74";"2,62";"0,87";"0,01";;;"308,32";"3"
2004;1;"2004m01";"3,89";"0,03";"0,08";"4";"0,52";"4,52";"2,04";"44,12";"1,66";"1,26";"21,81";"9,32";"8,78";"2,16";"20,26";"76,33";"1,97";"3,1";"1,14";"0,01";"0,03";"0,18";"1,54";;"19,34";"65,56";"11,76";"5,44";"0,23";"5,34";;"46,64";"69,4";"0";"0,64";"0,03";"6,48";"7,26";;;;"65,71";;;;;"42,22";"2,94";"0,97";"0,07";;;"304,93";"3"
2004;2;"2004m02";"3,64";"0,03";"0,11";"3,78";"0,44";"4,21";"2,13";"43,48";"1,34";"1,2";"21,32";"9,63";"7,24";"2,72";"19,6";"65,21";"1,88";"3,16";"1,1";"0,01";"0,02";"0,11";"1,7";;"18,03";"61,03";"10,64";"5,47";"0,34";"4,84";;"46,15";"67,45";"0,01";"0,59";"0,03";"5,66";"7,01";;;;"56,45";;;;;"34,71";"2,67";"0,71";"0,02";;;"284,97";"3"
2004;3;"2004m03";"3,56";"0,01";"0,11";"3,68";"0,55";"4,23";"2,29";"43,47";"1,74";"1,25";"21,66";"10,29";"9,37";"3,07";"22,73";"78,73";"2,61";"3,67";"1,21";"0,03";"0";"0,13";"1,9";;"19,84";"70,82";"11,42";"5,01";"0,32";"5,41";;"49,57";"71,73";"0";"0,83";"0,03";"7,05";"6,71";;;;"63,65";;;;;"39,62";"2,67";"0,66";"0,03";;;"320,14";"3"
2004;4;"2004m04";"3,46";"0,01";"0,14";"3,61";"0,46";"4,06";"1,82";"41,7";"1,61";"1,47";"21,23";"12,72";"6,7";"3,06";"22,48";"81,85";"2,84";"3,61";"1,01";"0,02";"0,01";"0,12";"1,47";;"15,76";"66,79";"11,55";"4,6";"0,43";"4,8";;"44,05";"65,44";"0,01";"0,52";"0,02";"6,72";"6,45";;;;"67,03";;;;;"36,63";"2,75";"0,75";"0,03";;;"302,19";"3"
2004;5;"2004m05";"4,07";"0,03";"0,12";"4,23";"0,69";"4,92";"2,29";"40,75";"1,31";"1,36";"24,58";"11,38";"9,39";"2,58";"23,36";"86,26";"3,23";"3,78";"1";"0,03";"0";"0,07";"1,52";;"12,9";"66,47";"11,94";"4,53";"0,4";"4,9";;"45,12";"66,89";"0";"0,85";"0,01";"6,94";"7,49";;;;"73,29";;;;;"36,62";"2,57";"0,74";"0,04";;;"311,53";"3"
2004;6;"2004m06";"3,38";"0,01";"0,09";"3,47";"0,5";"3,98";"1,63";"36,79";"1,45";"1,28";"21,04";"10,72";"9,22";"2,95";"22,9";"78,4";"2,82";"3,55";"1,02";"0,01";"0,01";"0,07";"1,7";;"12,42";"63,26";"10,88";"5,13";"0,44";"5,37";;"44,13";"65,95";"0,01";"0,74";"0,04";"7,41";"7,32";;;;"64,43";;;;;"33,82";"2,16";"0,54";"0,02";;;"301,67";"3"
2004;7;"2004m07";"3,37";"0,01";"0,1";"3,48";"0,46";"3,94";"1,95";"35,68";"1,3";"1,54";"21,84";"11,75";"7,13";"3,91";"22,8";"79,89";"2,45";"3,81";"1,08";"0,03";"0";"0,13";"1,61";;"12,2";"63,11";"10,79";"5,17";"1,18";"5,21";;"40,6";"62,94";"0";"0,37";"0,01";"7,31";"6,55";;;;"64,42";;;;;"33,2";"2,43";"0,7";"0,02";;;"300,54";"3"
2004;8;"2004m08";"3,47";"0,04";"0,09";"3,6";"0,6";"4,2";"2,21";"41,28";"1,84";"1,59";"22,26";"12,96";"5,32";"3,79";"22,08";"69,71";"2,03";"3,03";"0,89";"0,01";"0";"0,1";"1,46";;"10,2";"56,4";"10,35";"5";"1,51";"5,99";;"41,33";"64,18";"0";"0,51";"0,01";"7,13";"7,26";;;;"59,7";;;;;"36,07";"2,35";"0,8";"0,03";;;"313,12";"3"
2004;9;"2004m09";"3,37";"0,01";"0,14";"3,53";"0,57";"4,1";"1,95";"44,01";"1,88";"1,58";"23,16";"13,7";"3,16";"4,73";"21,6";"72,68";"2,34";"3,63";"0,81";"0,01";"0";"0,03";"1,1";;"7,68";"54,58";"9,94";"4,67";"1,98";"5,84";;"39,77";"62,21";"0,01";"0,45";"0,01";"6,52";"6,28";;;;"57,62";;;;;"36,37";"2,54";"0,69";"0,02";;;"309,14";"3"
2004;10;"2004m10";"3,47";"0,04";"0,09";"3,6";"0,76";"4,36";"2,13";"43,07";"1,81";"1,39";"22,59";"15,08";"2,58";"5,03";"22,69";"76,21";"2,71";"3,14";"0,94";"0,04";"0,03";"0,06";"1,3";;"8,33";"57,49";"10,69";"5,23";"1,8";"5,64";;"40,8";"64,15";"0,01";"0,57";"0,03";"7,24";"6,23";;;;"61,58";;;;;"35,29";"2,49";"0,57";"0,02";;;"309,32";"3"
2004;11;"2004m11";"3,79";"0,03";"0,12";"3,93";"0,6";"4,53";"1,89";"41,43";"1,86";"1,28";"22,21";"15,16";"2,9";"4,76";"22,82";"73,21";"2,84";"3,44";"1,18";"0,02";"0,01";"0,09";"1,51";;"8,62";"58,1";"10,15";"5,06";"2,11";"5,14";;"43,39";"65,84";"0,01";"0,68";"0,03";"7,58";"6,07";;;;"57,38";;;;;"35,65";"2,31";"0,52";"0,02";;;"308,93";"3"
2004;12;"2004m12";"3,62";"0,01";"0,05";"3,68";"0,43";"4,11";"2,06";"46,09";"1,72";"1,72";"24,93";"16,06";"2,53";"4,64";"23,23";"71,15";"3,81";"3,32";"1,08";"0,03";"0,02";"0,2";"1,76";;"8,15";"58,72";"10,07";"6,47";"2,2";"5,6";;"44,27";"68,61";"0,01";"0,99";"0,01";"8,13";"5,72";;;;"53,41";;;;;"37,08";"2,63";"0,58";"0";;;"315,18";"3"
2005;1;"2005m01";"4,03";"0,04";"0,13";"4,19";"0,48";"4,67";"2,55";"46,77";"2,22";"1,46";"22,17";"16,08";"2,92";"4,31";"23,31";"75,52";"2,67";"2,84";"1,03";"0,01";"0,03";"0,17";"1,1";;"8,65";"58,02";"11,6";"6,57";"1,87";"7,12";;"45";"72,16";"0,01";"1,15";"0,03";"7,93";"6,49";;;;"60,73";;;;;"39,27";"2,74";"0,58";"0,01";;;"313,68";"3"
2005;2;"2005m02";"4,1";"0,03";"0,08";"4,21";"0,39";"4,6";"2,03";"38,81";"1,72";"1,22";"17,51";"16,81";"2,72";"4,07";"23,6";"71,57";"2,79";"2,88";"0,97";"0,04";"0,03";"0,13";"1,03";;"8,91";"57,67";"10,08";"7,34";"1,82";"6,55";;"42,02";"67,81";"0,01";"1,27";"0,06";"6,73";"5,57";;;;"58,38";;;;;"31,6";"2,1";"0,56";"0,02";;;"292,69";"3"
2005;3;"2005m03";"4,52";"0,01";"0,17";"4,7";"0,62";"5,32";"2,28";"44,69";"2,1";"1,65";"20,09";"19,04";"3,66";"5,37";"28,07";"83,52";"2,93";"3,07";"1,11";"0,01";"0,07";"0,13";"1,15";;"10,73";"67,5";"11,99";"6,24";"2,25";"8,55";;"43,78";"72,82";"0";"1,56";"0,03";"8,46";"6,69";;;;"67,2";;;;;"38,96";"2,8";"0,57";"0,05";;;"332,26";"3"
2005;4;"2005m04";"3,48";"0,02";"0,1";"3,6";"0,44";"4,04";"2,25";"44,66";"1,91";"1,57";"21,35";"17,87";"3,9";"5,64";"27,4";"83,13";"2,36";"2,9";"0,88";"0,02";"0,01";"0,13";"1,05";;"10,58";"65,52";"11,69";"6,05";"2,3";"7,86";;"40,9";"68,8";"0";"1,79";"0,09";"7,82";"6,4";;;;"69,92";;;;;"38,42";"2,6";"0,38";"0,04";;;"324,48";"3"
2005;5;"2005m05";"3,71";"0,04";"0,13";"3,87";"0,61";"4,49";"2,56";"42,35";"2,02";"1,8";"20,99";"20";"4,12";"5,9";"30,02";"81,47";"2,37";"3,07";"0,98";"0,01";"0,02";"0,17";"1,08";;"10,29";"67,84";"12,74";"6,78";"2,55";"8,12";;"41,85";"72,04";"0,01";"1,66";"0,04";"9,13";"6,52";;;;"70,03";;;;;"35,72";"2,54";"0,34";"0,02";;;"330,31";"3"
2005;6;"2005m06";"3,22";"0,03";"0,11";"3,37";"0,77";"4,13";"2,01";"40,49";"1,86";"1,62";"20,21";"19,93";"4,12";"5,45";"29,51";"68,3";"2,62";"2,79";"0,95";"0,01";"0,07";"0,1";"0,98";;"9,03";"62,72";"11,87";"6,84";"2,32";"7,9";;"41,77";"70,71";"0";"1,78";"0,07";"9,08";"6,43";;;;"58,83";;;;;"34,87";"2,24";"0,48";"0,03";;;"324,46";"3"
2005;7;"2005m07";"3,83";"0,03";"0,15";"4,01";"0,59";"4,6";"1,99";"38,83";"1,62";"1,79";"19,53";"20,07";"4,03";"5,56";"29,65";"65,93";"2,32";"2,96";"1,09";"0,01";"0,05";"0,13";"0,84";;"9,09";"62,25";"11,92";"6,56";"2,41";"8,02";;"40,32";"69,23";"0,01";"1,08";"0,2";"9,32";"6,47";;;;"50,54";;;;;"32,15";"2,06";"0,48";"0,01";;;"307,09";"3"
2005;8;"2005m08";"3,71";"0,04";"0,12";"3,86";"0,78";"4,65";"1,94";"44,18";"1,95";"1,31";"19,65";"21,45";"4,62";"5,16";"31,23";"66,1";"2,64";"2,68";"1,22";"0,01";"0,05";"0,12";"1,01";;"9,41";"64,56";"11,31";"7,17";"2,87";"9,03";;"44,99";"75,36";"0";"0,94";"0,03";"9,79";"7,07";;;;"54,48";;;;;"38,86";"2,45";"0,6";"0,03";;;"332,84";"3"
2005;9;"2005m09";"3,51";"0,03";"0,08";"3,62";"0,73";"4,35";"2,29";"39,96";"2,34";"1,48";"18,96";"20,08";"3,71";"5,06";"28,85";"70,68";"2,25";"2,42";"0,96";"0";"0,05";"0,12";"0,84";;"5,35";"58,2";"11,35";"6,65";"2,26";"8,23";;"32,68";"61,18";"0";"0,82";"0,03";"8,99";"6,48";;;;"56,52";;;;;"33";"2,12";"0,44";"0,02";;;"310,43";"3"
2005;10;"2005m10";"3,31";"0,03";"0,1";"3,44";"0,69";"4,13";"2";"48,27";"2,18";"1,56";"20,28";"22,61";"4,22";"5,07";"31,91";"74,24";"2,05";"2,66";"0,91";"0";"0,04";"0,07";"0,92";;"5,4";"62,24";"11,72";"7,7";"2,51";"9,6";;"34,42";"65,95";"0";"0,83";"0,05";"8,16";"6,69";;;;"55,07";;;;;"37,6";"2,73";"0,56";"0,03";;;"330,01";"3"
2005;11;"2005m11";"3,25";"0,06";"0,11";"3,42";"0,62";"4,04";"2,07";"41,22";"1,76";"1,34";"17,96";"22,11";"3,89";"5,12";"31,12";;"2,26";"2,32";"0,99";"0,01";"0,02";"0,09";"0,9";;"5,19";"61,19";"12,6";"8,3";"2,66";"8,57";;"34,83";"66,96";"0,03";"0,82";"0,03";"9,59";"5,87";;;;;;;;;"33,91";"2,2";"0,5";"0,01";;;"313,73";"3"
2005;12;"2005m12";"3,05";"0,03";"0,12";"3,21";"0,51";"3,71";"1,8";"44,32";"1,85";"1,58";"21,65";"22,05";"3,71";"4,97";"30,73";"69,3";"3,26";"2,57";"1,08";"0";"0,04";"0,11";"0,89";;"5,28";"61,12";"11,88";"9,77";"2,81";"9,21";;"37,28";"70,95";"0";"0,99";"0,06";"9,83";"6,94";;;;"54,02";;;;;"34,23";"2,45";"0,54";"0,01";;;"325,88";"3"
2006;1;"2006m01";"3,15";"0,03";"0,08";"3,26";"0,43";"3,69";"1,87";"47,57";"2,04";"1,39";"20,13";"22,45";"3,68";"5,43";"31,57";"70,33";"2,26";"2,22";"0,95";"0,02";"0,05";"0,07";"0,74";;"5,6";"60,94";"12,04";"9,59";"2,44";"10,76";;"39";"73,84";"0";"1,13";"0,03";"9,71";"6,96";"3,39";"2,32";"1,4";"53,78";"8,3";"2,19";"4,6";"0,33";"39,39";"2,86";"0,49";"0,04";;;"337,83";"3"
2006;2;"2006m02";"3,42";"0,03";"0,13";"3,57";"0,46";"4,03";"2,27";"46,99";"1,77";"1,19";"16,3";"21,95";"3,48";"4,77";"30,2";"74,84";"2,53";"2,86";"1,01";"0,03";"0,03";"0,07";"0,67";;"6,11";"62,13";"11,86";"13,5";"2,37";"9,89";;"37,21";"74,83";"0";"1,13";"0,01";"8,77";"6,62";"3,01";"2,45";"1,27";"53,84";"9,06";"2,36";"4,16";"0,27";"36,69";"2,57";"0,56";"0,04";;;"327,76";"3"
2006;3;"2006m03";"3,98";"0,04";"0,15";"4,17";"0,6";"4,77";"2,37";"45,62";"1,84";"1,57";"18,03";"22,93";"3,73";"5,04";"31,7";"81,09";"2,42";"2,78";"0,97";"0,03";"0,02";"0,14";"0,93";;"5,43";"64,64";"12,04";"9,35";"2,34";"9,3";;"38,74";"71,77";"0";"1,1";"0,01";"9,59";"5,76";"2,29";"2,33";"1,28";"58,98";"8,96";"2,59";"4,94";"0,3";"36,56";"2,5";"0,48";"0,01";;;"334,45";"3"
2006;4;"2006m04";"3,79";"0,02";"0,2";"4,01";"0,66";"4,67";"2,2";"40,49";"1,45";"1,39";"18,09";"26,24";"4,54";"6,13";"36,92";"81,11";"2,43";"3,07";"1,05";"0,02";"0,06";"0,06";"0,99";;"6,45";"71,32";"12,39";"9,26";"2,88";"10,08";;"38,03";"72,63";"0";"0,9";"0";"8,35";"6,03";"2,57";"2,21";"1,38";"58,05";"9,02";"2,09";"4,18";"0,16";"33,43";"2,35";"0,34";"0,01";;;"328,89";"3"
2006;5;"2006m05";"3,58";"0,03";"0,09";"3,7";"0,58";"4,28";"2,34";"36,15";"1,66";"1,5";"19,29";"26,84";"5,28";"6,15";"38,28";"84,06";"2,57";"3,09";"1,11";"0,05";"0,03";"0,12";"1,09";;"5,42";"72,85";"12,92";"9,68";"3,41";"11,95";;"37,94";"75,89";"0,01";"0,8";"0,07";"10,07";"6,5";"2,71";"2,47";"1,47";"60,51";"8,63";"1,92";"5,33";"0,72";"32,38";"2,2";"0,52";"0,05";;;"337,8";"3"
2006;6;"2006m06";"3,1";"0,05";"0,07";"3,22";"0,67";"3,88";"2,07";"38,91";"1,82";"1,24";"17,97";"24,91";"4,74";"5,83";"35,48";"71,22";"2,22";"2,6";"0,88";"0,03";"0";"0,07";"0,92";;"5,6";"65,71";"12,57";"9,48";"2,79";"10,72";;"35,9";"71,47";"0,01";"0,6";"0,03";"9,43";"6,04";"2,54";"2,12";"1,5";"54,38";"7,92";"1,95";"4,6";"0,24";"32,72";"2,28";"0,41";"0,01";;;"318,92";"3"
2006;7;"2006m07";"3,12";"0,03";"0,1";"3,25";"0,57";"3,83";"1,75";"37,25";"1,78";"1,51";"20,05";"25,45";"4,58";"6,03";"36,07";"68,04";"2,23";"2,44";"1";"0,04";"0";"0,14";"1,19";;"5,2";"65,45";"13,33";"10,66";"3";"11,36";;"38,64";"76,99";"0,01";"0,54";"0,05";"10,36";"6,78";"2,64";"2,81";"1,46";"56,93";"8,23";"1,78";"5,48";"0,2";"31,67";"2,32";"0,45";"0,03";;;"331,56";"3"
2006;8;"2006m08";"3,07";"0,04";"0,09";"3,2";"0,81";"4,01";"2,11";"40,83";"1,72";"1,58";"19,85";"25,83";"4,92";"5,77";"36,51";"68,68";"2,55";"2,48";"1,05";"0,02";"0,04";"0,14";"1,17";;"5,37";"66,7";"12,67";"10,61";"3,27";"11,78";;"40,28";"78,61";"0";"0,7";"0,08";"10,48";"6,56";"2,9";"2,52";"1,31";"56,97";"8,53";"1,89";"5,87";"0,28";"35,64";"2,51";"0,4";"0,01";;;"342,58";"3"
2006;9;"2006m09";"3,4";"0,02";"0,12";"3,54";"0,49";"4,03";"2,14";"38,39";"1,64";"1,44";"20,34";"25,5";"4,51";"5,61";"35,62";"73,95";"2,42";"2,36";"0,96";"0";"0,05";"0,12";"1,12";;"5,21";"66,6";"11,83";"9,41";"3,27";"10,63";;"35,67";"70,81";"0,01";"0,76";"0,04";"10,12";"6,12";"2,77";"2,23";"1,23";"55,86";"8,68";"1,78";"4,86";"0,22";"33,08";"2,54";"0,48";"0,05";;;"321,85";"3"
2006;10;"2006m10";"3,59";"0,01";"0,08";"3,69";"0,57";"4,26";"2,33";"40,7";"1,8";"1,28";"20,06";"27,33";"4,43";"5,9";"37,66";"75,26";"2,57";"2,38";"0,98";"0,01";"0,07";"0,1";"1,09";;"9,31";"73,32";"13,02";"9,79";"3,17";"10,91";;"46,87";"83,76";"0";"1,43";"0,03";"11,3";"5,46";"2,49";"1,86";"1,21";"61,03";"8,86";"1,88";"4,37";"0,24";"33,36";"2,69";"0,45";"0,04";;;"338,21";"3"
2006;11;"2006m11";"3,43";"0,05";"0,1";"3,58";"0,57";"4,15";"2";"38,04";"1,67";"1,48";"19,55";"27";"4,18";"5,63";"36,81";"73,23";"2,76";"2,68";"0,89";"0,03";"0,05";"0,1";"1,19";;"8,85";"72,03";"11,93";"10,27";"3,25";"10,7";;"47,6";"83,74";"0";"1,65";"0,1";"11";"5,11";"2,02";"2,04";"1,16";"55,76";"8,07";"1,93";"5,25";"0,19";"29,75";"2,38";"0,37";"0,01";;;"329,36";"3"
2006;12;"2006m12";"3,67";"0,03";"0,15";"3,84";"0,53";"4,37";"2,81";"42,64";"1,72";"1,61";"21,04";"26,21";"3,93";"5,4";"35,54";"68,56";"2,87";"2,54";"0,82";"0,01";"0,02";"0,08";"1,07";;"8,29";"68,78";"11,29";"12,14";"3,47";"11,79";;"47,09";"85,76";"0,01";"1,42";"0,03";"10,3";"4,5";"1,84";"1,7";"1,03";"50,13";"7,63";"1,54";"4,63";"0,17";"29,12";"2,59";"0,44";"0,03";;;"330,58";"3"
2007;1;"2007m01";"3,42";"0,05";"0,05";"3,51";"0,76";"4,27";"1,99";"39,38";"2,03";"1,18";"18,54";"27,73";"3,94";"5,45";"37,13";"71,89";"2,69";"2,14";"0,85";"0,01";"0,03";"0,11";"1,03";;"8,73";"71,17";"12,76";"12,05";"2,67";"11,96";;"48,05";"87,49";"0";"0,94";"0,01";"12,08";"5,23";"2,28";"2,01";"1,06";"55,22";"8,54";"1,89";"5";"0,29";"34,81";"2,58";"0,57";"0,02";;;"334,58";"3"
2007;2;"2007m02";"3,15";"0,02";"0,07";"3,24";"0,58";"3,83";"1,95";"41,17";"1,48";"1,2";"17,85";"27,26";"3,48";"4,94";"35,69";"64,97";"2,01";"2,05";"0,84";"0,01";"0,04";"0,05";"0,93";;"8,7";"67,03";"12,08";"15,41";"2,78";"10,4";;"45,66";"86,32";"0,01";"0,53";"0,01";"10,76";"5,35";"2,68";"1,9";"0,9";"51,38";"8,32";"1,77";"4,08";"0,18";"32,76";"2,43";"0,47";"0,01";;;"321,18";"3"
2007;3;"2007m03";"4,15";"0,05";"0,14";"4,34";"0,72";"5,06";"2,65";"46,25";"1,87";"1,51";"20,97";"31,52";"4,47";"6,46";"42,45";"83,98";"3,28";"2,54";"1,03";"0,03";"0,02";"0,07";"1,12";;"10,02";"82,27";"12,38";"11,68";"3,3";"10,05";;"49,29";"86,7";"0";"0,91";"0";"12,53";"5,74";"2,51";"2,19";"1,16";"58,64";"8,64";"2,15";"6,39";"0,25";"38,76";"3,07";"0,65";"0,07";;;"369,49";"3"
2007;4;"2007m04";"3,71";"0,02";"0,1";"3,82";"0,85";"4,67";"2,38";"41,97";"1,61";"1,62";"21,24";"31,15";"4,24";"5,67";"41,05";"69,57";"2,42";"2,8";"1,06";"0,01";"0,02";"0,08";"0,94";;"8,24";"74,67";"11,1";"11,38";"3,27";"8,98";;"44,36";"79,08";"0,01";"0,74";"0,03";"10,75";"5,34";"2,25";"2,09";"1,13";"49,06";"8,98";"2,13";"5,11";"0,3";"34,88";"2,53";"0,47";"0,01";;;"333,98";"3"
2007;5;"2007m05";"3,02";"0,02";"0,11";"3,15";"0,89";"4,03";"2,36";"34,8";"1,66";"1,57";"21,45";"33,86";"4,44";"6,21";"44,51";"69,15";"2,54";"2,8";"0,91";"0,02";"0,01";"0,08";"1,38";;"8,4";"78,66";"11,79";"12,84";"4,15";"10,66";;"47,21";"86,64";"0";"0,44";"0,07";"13,18";"5,82";"2,16";"2,43";"1,4";"55,41";"10,34";"2,23";"5,99";"0,22";"30,77";"2,21";"0,38";"0,02";;;"346,56";"3"
2007;6;"2007m06";"2,88";"0,02";"0,11";"3,01";"0,7";"3,71";"1,96";"35,32";"1,65";"1,56";"22,62";"32,85";"4,19";"5,62";"42,66";"62,98";"2,43";"2,61";"0,86";"0,01";"0,01";"0,07";"1,24";;"7,96";"74,32";"11,5";"12,23";"3,93";"8,87";;"45,08";"81,61";"0";"0,32";"0,02";"12,34";"5,41";"1,94";"2,47";"1,11";"50";"9,25";"1,82";"6,15";"0,33";"30,96";"2,68";"0,37";"0,02";;;"332,91";"3"
2007;7;"2007m07";"2,95";"0,02";"0,06";"3,04";"0,52";"3,56";"2,04";"35,3";"1,54";"1,89";"20,62";"29,29";"3,64";"5,07";"38";"56,29";"2,18";"2,61";"0,85";"0,01";"0,02";"0,07";"1,38";;"7,54";"67,45";"10,91";"12,22";"3,64";"8,75";;"44,3";"79,82";"0,01";"0,58";"0,03";"12,55";"5,47";"2,04";"2,6";"0,96";"48,3";"10,17";"1,58";"6,13";"0,33";"31,53";"2,3";"0,32";"0,02";;;"326,89";"3"
2007;8;"2007m08";"3,38";"0,02";"0,09";"3,49";"0,82";"4,31";"2,43";"36,24";"1,68";"1,72";"21,41";"33,91";"4,13";"5,89";"43,93";"60,43";"2,21";"2,5";"0,94";"0,01";"0,03";"0,1";"1,36";;"8,03";"75,04";"11,6";"12,7";"3,96";"9,44";;"46,28";"83,98";"0,01";"0,59";"0,04";"13,03";"5,46";"1,96";"2,42";"1,21";"51,92";"9,57";"1,92";"6,91";"0,41";"32,79";"2,49";"0,28";"0,02";;;"345,2";"3"
2007;9;"2007m09";"2,88";"0,01";"0,1";"2,99";"0,81";"3,8";"2,18";"40,86";"1,88";"1,93";"23,59";"33,52";"4,5";"5,38";"43,4";"57,81";"2,11";"2,28";"0,79";"0,01";"0,02";"0,14";"1,28";;"7,89";"73,24";"11,8";"12,07";"3,57";"9,58";;"46,09";"83,11";"0";"0,6";"0,01";"11,84";"4,97";"1,82";"2,34";"0,97";"51,12";"10,04";"1,79";"5,69";"0,19";"34,5";"2,56";"0,3";"0,05";;;"339,66";"3"
2007;10;"2007m10";"3,13";"0,01";"0,15";"3,29";"0,73";"4,01";"1,99";"40,8";"1,84";"1,66";"22,42";"35,28";"4,34";"5,45";"45,08";"59,59";"2,09";"2,55";"0,97";"0,02";"0,05";"0,06";"1,38";;"8,09";"76,15";"11,71";"13,62";"3,9";"10,09";;"49,03";"88,35";"0";"0,66";"0,02";"13,04";"5,55";"2,06";"2,43";"1,24";"45,6";"9,66";"2,15";"6,57";"0,36";"35,87";"2,55";"0,32";"0,02";;;"356,37";"3"
2007;11;"2007m11";"3,4";"0,02";"0,11";"3,53";"0,71";"4,24";"2,09";"39,57";"1,86";"1,29";"20,79";"33,66";"3,74";"4,91";"42,32";"60,22";"2,47";"2,39";"0,84";"0,01";"0,04";"0,05";"1,22";;"7,43";"72,86";"11,63";"12,49";"3,75";"9,03";;"47,45";"84,34";"0";"0,59";"0,02";"11,95";"5,45";"1,98";"2,4";"1,23";"43,99";"9,8";"1,94";"4,89";"0,36";"32,89";"2,32";"0,32";"0";;;"333,04";"3"
2007;12;"2007m12";"3,58";"0,04";"0,15";"3,76";"0,51";"4,28";"2,4";"46,01";"1,72";"1,76";"22,74";"34,42";"3,94";"5,21";"43,58";"60,11";"2,49";"2,55";"0,84";"0,01";"0,01";"0,1";"1,03";;"8,57";"75,33";"10,82";"15,3";"4,1";"10,28";;"47,74";"88,26";"0";"0,5";"0,02";"11,36";"4,49";"1,78";"1,83";"0,98";"42,6";"9,02";"1,45";"5,32";"0,32";"34,15";"2,23";"0,49";"0";;;"342,9";"3"
2008;1;"2008m01";"3,46";"0,03";"0,07";"3,56";"0,7";"4,26";"1,98";"40,2";"1,65";"1,29";"19,11";"36,31";"4,4";"5,32";"46,03";"59,41";"2,26";"2,42";"0,78";"0,03";"0,04";"0,11";"1,06";;"8,73";"77,5";"11,66";"16,08";"3,8";"11,74";;"50,09";"93,37";"0,01";"0,73";"0,03";"13,59";"4,67";"1,74";"2,13";"0,91";"48,11";"8,76";"1,7";"5,57";"0,39";"35,68";"2,67";"0,39";"0,02";;;"355,55";"3"
2008;2;"2008m02";"3,24";"0,03";"0,13";"3,41";"0,7";"4,11";"2,09";"38,6";"1,65";"1,17";"18,89";"35,2";"4,37";"5,37";"44,94";"56,87";"1,53";"2,68";"0,8";"0,01";"0,04";"0,1";"1";;"8,11";"74,62";"11,27";"18,32";"3,88";"11,36";;"48,8";"93,64";"0";"1,11";"0,01";"11,88";"4,73";"1,83";"2,14";"0,89";"41,04";"9,32";"1,79";"5,48";"0,31";"31,47";"2,32";"0,44";"0,01";;;"338,25";"3"
2008;3;"2008m03";"3,38";"0,01";"0,13";"3,53";"0,9";"4,43";"2,18";"42,57";"2,12";"1,65";"23,43";"34,49";"4,48";"5,89";"44,87";"56,61";"1,76";"2,7";"0,83";"0,02";"0,03";"0,12";"1,18";;"7,42";"74,32";"11,83";"12,41";"4,12";"10,21";;"48,14";"86,71";"0";"0,96";"0,03";"13,98";"5,66";"2,32";"2,44";"1,03";"40,48";"9,56";"1,67";"6,35";"0,3";"35,88";"2,54";"0,43";"0,01";;;"352,09";"3"
2008;4;"2008m04";"3,04";"0,03";"0,08";"3,15";"0,94";"4,1";"2,08";"38,56";"1,87";"1,41";"22,48";"35,49";"4,04";"5,92";"45,44";"51,16";"1,72";"2,44";"0,63";"0,01";"0,04";"0,06";"1,19";;"7,4";"72,91";"11,32";"11,99";"3,87";"10,51";;"47,9";"85,59";"0";"0,85";"0,04";"13,85";"5,47";"2,35";"2,39";"0,9";"39,75";"9,68";"1,72";"6,29";"0,28";"33,45";"2,51";"0,33";"0,01";;;"340,21";"3"
2008;5;"2008m05";"2,64";"0,01";"0,14";"2,79";"0,94";"3,73";"2,14";"36,41";"1,68";"1,6";"23,11";"36,52";"4,16";"5,48";"46,15";"52,57";"1,93";"2,64";"0,73";"0,03";"0,01";"0,1";"1,26";;"7,22";"74,49";"11,4";"13,5";"4,33";"11,57";;"49,35";"90,16";"0,01";"0,9";"0,06";"13,32";"5,43";"2,06";"2,52";"0,95";"43,23";"9,81";"1,88";"5,52";"0,2";"33,17";"2,06";"0,35";"0,01";;;"342,23";"3"
2008;6;"2008m06";"2,57";"0,03";"0,12";"2,72";"0,67";"3,39";"2,01";"35,14";"1,98";"1,41";"21,59";"35,49";"4,66";"4,93";"45,08";"48,74";"1,44";"2,6";"0,75";"0,01";"0,03";"0,12";"0,99";;"7,61";"72,06";"11,38";"12,96";"4,31";"11,12";;"48,68";"88,45";"0,01";"0,78";"0,01";"12,87";"5,39";"2,17";"2,51";"0,91";"38,36";"9,64";"1,68";"5,4";"0,32";"31,08";"2,65";"0,31";"0,03";;;"336,35";"3"
2008;7;"2008m07";"2,64";"0,03";"0,13";"2,8";"0,4";"3,2";"1,83";"36,01";"1,89";"1,49";"20,92";"37,83";"4,45";"4,7";"46,97";"50,88";"1,65";"2,56";"0,64";"0,04";"0,01";"0,06";"1,05";;"8,12";"75,22";"10,96";"14,85";"4,24";"11,19";;"49,32";"90,55";"0,01";"0,91";"0,03";"13,14";"4,58";"1,87";"1,85";"0,98";"40,25";"9,97";"1,76";"6,98";"0,26";"32,98";"2,79";"0,29";"0,01";;;"349,28";"3"
2008;8;"2008m08";"2,75";"0,06";"0,11";"2,92";"0,19";"3,12";"2,13";"38,86";"2,05";"1,62";"21,32";"35,78";"4,58";"5,01";"45,37";"52,88";"1,51";"2,42";"0,82";"0,06";"0,03";"0,11";"1,59";;"8,39";"75,03";"12,1";"14,32";"4,35";"11,04";;"47,74";"89,55";"0";"0,77";"0,04";"12,85";"4,49";"1,78";"1,9";"0,91";"38,21";"9,12";"1,68";"6,78";"0,44";"34,56";"2,97";"0,27";"0,05";;;"348,87";"3"
2008;9;"2008m09";"2,78";"0,03";"0,16";"2,96";"0,4";"3,36";"2,12";"37,47";"2,27";"1,37";"22,23";"35,89";"5,09";"5,08";"46,06";"52,59";"1,44";"2,51";"0,85";"0,05";"0,02";"0,06";"1,36";;"7,79";"74,88";"11,31";"13,69";"4,08";"11,92";;"47,75";"88,74";"0,01";"0,85";"0,04";"11,85";"4,95";"2,09";"2,07";"0,87";"38,06";"8,83";"1,88";"6,02";"0,36";"34,33";"2,95";"0,24";"0,03";;;"349,21";"3"
2008;10;"2008m10";"3,55";"0,01";"0,15";"3,71";"0,47";"4,18";"2,28";"42,06";"2,79";"1,49";"23,83";"39,43";"5,78";"5,88";"51,09";"59,71";"1,77";"2,89";"0,9";"0,01";"0,04";"0,09";"1,2";;"8,45";"83,21";"11,68";"15,09";"4,31";"12,47";;"50,98";"94,52";"0";"0,96";"0,04";"11,97";"5,08";"2,14";"2,2";"0,85";"42,79";"10,49";"1,93";"4,9";"0,27";"37,57";"3,11";"0,22";"0,01";;;"376,22";"3"
2008;11;"2008m11";"3,29";"0,01";"0,15";"3,45";"0,52";"3,97";"2,57";"41,24";"2,27";"1,65";"21,69";"35,35";"4,58";"4,97";"44,91";"50,42";"1,36";"2,64";"0,86";"0,02";"0,01";"0,07";"1,24";;"7,34";"72,64";"12,06";"13,35";"3,97";"10,83";;"47,5";"87,7";"0,01";"0,77";"0,03";"11,15";"5,52";"2,27";"2,3";"1,1";"38,87";"9,85";"1,9";"4,88";"0,25";"38,58";"3,22";"0,31";"0,01";;;"348,83";"3"
2008;12;"2008m12";"3,23";"0,01";"0,1";"3,34";"0,45";"3,79";"2,53";"42,68";"2,37";"1,46";"22,57";"37,27";"4,5";"4,89";"46,66";"52,63";"1,91";"2,78";"0,94";"0,03";"0,03";"0,09";"1,17";;"7,37";"75,84";"11,34";"14,88";"4,54";"11,77";;"48,8";"91,32";"0,01";"1,31";"0,05";"11,01";"4,38";"1,58";"1,97";"0,97";"38,4";"9,55";"1,66";"4,94";"0,38";"35,92";"2,77";"0,33";"0,01";;;"349,54";"3"
2009;1;"2009m01";"3,5";"0,01";"0,08";"3,6";"0,6";"4,2";"2,4";"42,15";"2,42";"1,2";"20,13";"39,06";"4,56";"5,27";"48,9";"57,69";"1,35";"2,49";"0,79";"0,03";"0,04";"0,08";"1,01";;"7,35";"78,4";"11,37";"15,22";"4,01";"12,65";;"50,11";"93,35";"0";"0,46";"0,04";"11,14";"5,28";"1,99";"2,37";"1,03";"42,22";"10,7";"1,95";"5,1";"0,22";"38,35";"2,96";"0,26";"0,01";;;"358,29";"3"
2009;2;"2009m02";"3,53";"0,03";"0,12";"3,68";"0,48";"4,15";"2,43";"41,89";"2,05";"1,3";"20,51";"39,88";"4,19";"5";"49,07";"52,85";"1,19";"2,42";"0,86";"0,02";"0,03";"0,08";"1,1";;"7,96";"77,77";"10,74";"20,58";"4,05";"11,07";;"47,1";"93,54";"0";"0,78";"0,04";"10,44";"5,42";"2,26";"2,27";"1,05";"38,89";"10,06";"2,03";"5,04";"0,39";"37,4";"2,63";"0,32";"0";;;"350,06";"3"
2009;3;"2009m03";"3,73";"0,03";"0,19";"3,95";"0,65";"4,61";"2,82";"45,58";"2,8";"1,52";"22,16";"42,43";"4,96";"5,88";"53,26";"56,97";"1,5";"2,95";"0,99";"0,02";"0,02";"0,11";"1,15";;"9,15";"85,43";"11,61";"15,72";"4,84";"12,01";;"50,55";"94,73";"0,01";"0,81";"0,01";"12,53";"6,22";"2,23";"3,02";"1,19";"41,77";"12,2";"2,05";"7,03";"0,37";"42,64";"3,51";"0,32";"0";;;"389,81";"3"
2009;4;"2009m04";"3,44";"0,02";"0,17";"3,63";"0,65";"4,27";"2,68";"42,51";"2,28";"1,2";"19,48";"40,38";"4,51";"4,88";"49,76";"51,09";"1,43";"2,85";"0,85";"0,03";"0,04";"0,06";"1,21";;"7,29";"78,18";"11,15";"13,54";"4,36";"10,61";;"46,37";"86,03";"0,01";"0,75";"0,03";"10,2";"5,43";"1,95";"2,56";"1,03";"39,54";"11,73";"2,26";"6,58";"0,37";"37,54";"2,72";"0,25";"0,01";;;"351,8";"3"
2009;5;"2009m05";"3,31";"0";"0,09";"3,39";"0,51";"3,9";"2,44";"41,58";"2,36";"1,23";"22,62";"41,21";"5,06";"4,94";"51,21";"51,49";"1,49";"2,65";"0,86";"0";"0,08";"0,11";"1,21";;"7,21";"79,64";"10,63";"14,95";"4,69";"11,15";;"49,99";"91,42";"0,01";"0,71";"0,05";"12,39";"5,56";"1,86";"2,6";"1,27";"39,49";"11,53";"2,06";"5,97";"0,29";"37,4";"2,54";"0,18";"0,02";;;"364,74";"3"
2009;6;"2009m06";"2,78";"0,04";"0,07";"2,89";"0,68";"3,56";"2,39";"35,69";"2,13";"1,3";"20,51";"39,72";"4,85";"5,08";"49,64";"43,06";"1,4";"2,59";"0,9";"0,04";"0,05";"0,08";"1,13";;"6,82";"75,11";"10,37";"13,11";"4,37";"11,36";;"46,45";"85,66";"0";"0,76";"0,03";"11,97";"5,23";"1,94";"2,38";"1,04";"38,01";"10,45";"1,68";"6,97";"0,28";"34,02";"2,85";"0,2";"0,02";;;"344,34";"3"
2009;7;"2009m07";"2,51";"0,02";"0,11";"2,64";"0,55";"3,19";"2,04";"35,85";"2,11";"1,04";"21,75";"38,34";"4,79";"4,66";"47,79";"43,14";"1,3";"2,82";"0,82";"0,03";"0,02";"0,07";"1,18";;"6,8";"73,35";"10,49";"13,76";"4,79";"11,41";;"47,84";"88,28";"0,01";"0,6";"0,08";"13,05";"5,52";"1,99";"2,54";"1,08";"35,11";"10,4";"1,77";"7,44";"0,3";"33,84";"2,85";"0,27";"0,03";;;"349,01";"3"
2009;8;"2009m08";"2,73";"0,02";"0,08";"2,82";"0,47";"3,3";"2,51";"38,74";"2,03";"1,28";"21,49";"35,11";"4,18";"4,71";"43,99";"41,77";"1,44";"2,49";"0,73";"0,03";"0,01";"0,08";"0,97";;"7";"68,93";"10,73";"14,36";"4,39";"11,07";;"46,42";"86,98";"0";"0,61";"0,06";"12,31";"6,22";"2,09";"3,18";"1,16";"33,21";"12,21";"2,07";"7,82";"0,35";"34,41";"2,48";"0,26";"0,02";;;"344,48";"3"
2009;9;"2009m09";"2,73";"0,02";"0,11";"2,87";"0,52";"3,38";"2,3";"42,15";"2,08";"1,28";"22,31";"33,8";"4,34";"4,17";"42,3";"37,22";"1,37";"2,68";"0,93";"0,02";"0,02";"0,09";"0,95";;"5,7";"64,96";"10,22";"14,15";"4,71";"12,08";;"47,38";"88,54";"0,01";"0,63";"0,04";"12,11";"6,64";"2,23";"3,28";"1,31";"32,64";"11,53";"2,33";"7,07";"0,3";"37,6";"2,79";"0,23";"0,03";;;"346,66";"3"
2009;10;"2009m10";"2,64";"0,01";"0,13";"2,78";"0,59";"3,37";"1,99";"40,69";"2,29";"1,1";"22,6";"33,09";"4,42";"4,26";"41,78";"37,65";"1,18";"2,5";"0,92";"0,02";"0,03";"0,08";"0,94";;"5,82";"64,35";"10,6";"15,38";"4,37";"11,11";;"45,13";"86,58";"0";"0,54";"0,04";"11,43";"6,34";"2,26";"3,04";"1,22";"31,4";"11,38";"2,41";"5,58";"0,24";"37,51";"2,69";"0,25";"0,03";;;"337,62";"3"
2009;11;"2009m11";"2,76";"0,03";"0,08";"2,87";"0,48";"3,35";"2,18";"49,51";"1,45";"1,38";"23,44";"33,63";"4,01";"3,94";"41,57";"35,98";"1,41";"2,41";"0,91";"0,02";"0,01";"0,05";"1,16";;"5,86";"64,05";"9,93";"15,32";"4,65";"12,1";;"46,47";"88,47";"0,01";"0,6";"0,04";"11,04";"5,81";"1,94";"2,86";"1,08";"30,33";"10,74";"2,05";"5,57";"0,37";"42,14";"2,87";"0,28";"0,03";;;"352,89";"3"
2009;12;"2009m12";"3";"0,06";"0,16";"3,22";"0,47";"3,68";"2,1";"44,94";"2,07";"1,18";"23,75";"33,04";"3,91";"3,73";"40,68";"38,8";"1,69";"2,42";"0,94";"0,01";"0,01";"0,06";"0,96";;"6,53";"64,83";"10,85";"16,75";"4,79";"11,31";;"49,73";"93,43";"0,01";"0,48";"0,04";"10,68";"5,84";"1,94";"3,05";"0,98";"32,61";"10,85";"1,99";"5,01";"0,18";"37,83";"3,44";"0,31";"0";;;"347,2";"3"
2010;1;"2010m01";"2,81";"0,04";"0,12";"2,97";"0,48";"3,45";"2,37";"48,54";"2,17";"1,01";"22,09";"33,29";"3,91";"3,57";"40,78";"41,04";"1,47";"2,35";"0,77";"0,01";"0,03";"0,06";"0,87";;"6,52";"65,09";"10,59";"16,47";"4,43";"11,12";;"50,81";"93,42";"0,01";"0,56";"0,03";"10,8";"5,61";"1,89";"2,93";"0,9";"31,59";"11,09";"2,42";"4,37";"0,27";"43,21";"3,03";"0,43";"0,01";;;"355,64";"3"
2010;2;"2010m02";"2,97";"0,02";"0,04";"3,03";"0,39";"3,42";"2,07";"45,26";"2,46";"1,24";"20,53";"33,7";"3,43";"3,66";"40,79";"36,53";"1,39";"2,19";"0,73";"0,01";"0,01";"0,04";"0,77";;"6,3";"63,16";"10,49";"25,74";"4,46";"12,48";;"49,64";"102,8";"0";"0,41";"0,04";"10,23";"5,44";"1,8";"2,91";"0,85";"27,73";"10,46";"2,05";"4,73";"0,13";"40,25";"2,97";"0,42";"0,01";;;"353,86";"3"
2010;3;"2010m03";"3,09";"0,03";"0,11";"3,22";"0,51";"3,73";"2,46";"42,5";"2,14";"1,17";"22,99";"37,91";"4,35";"4,99";"47,25";"42,59";"1,44";"2,77";"0,93";"0,01";"0,02";"0,09";"0,91";;"6,91";"73,14";"10,76";"17,23";"5,47";"12,27";;"51,87";"97,6";"0,01";"1,06";"0,08";"14,12";"5,86";"1,94";"3,18";"0,88";"33,05";"11,69";"2,49";"6,02";"0,28";"41,56";"2,81";"0,36";"0,02";;;"376,22";"3"
2010;4;"2010m04";"2,71";"0,01";"0,07";"2,79";"0,64";"3,43";"2,18";"38,81";"2,11";"1,36";"20,14";"35,02";"3,6";"4,49";"43,11";"37,02";"1,14";"2,64";"0,71";"0,01";"0,01";"0,04";"0,81";;"6,21";"65,87";"10";"14,2";"4,95";"11,09";;"46,31";"86,56";"0";"0,88";"0,04";"11,38";"5,47";"1,72";"2,99";"0,83";"28,6";"11,31";"2,48";"4,56";"0,19";"37,97";"2,74";"0,28";"0,01";;;"336,69";"3"
2010;5;"2010m05";"2,26";"0,04";"0,07";"2,38";"0,68";"3,06";"2,16";"39,29";"2,16";"1,3";"23,03";"36,04";"4,08";"4,33";"44,45";"34,02";"1,35";"2,76";"0,83";"0,01";"0,02";"0,05";"0,92";;"6,04";"66,76";"10,47";"16,54";"5,44";"12,17";;"50,48";"95,11";"0";"0,76";"0,03";"13,89";"6,51";"2,2";"3,49";"0,95";"29,69";"12,73";"2,56";"7,5";"0,26";"36,94";"2,53";"0,28";"0,01";;;"363,98";"3"
2010;6;"2010m06";"2,17";"0,04";"0,08";"2,29";"0,46";"2,76";"1,74";"38,54";"2,17";"1,16";"21,69";"31,84";"3,84";"4,19";"39,87";"34,9";"1,33";"2,27";"0,76";"0,01";"0,01";"0,08";"0,78";;"5,61";"61,36";"9,93";"15,72";"5,11";"11,56";;"47,03";"89,35";"0";"0,67";"0,07";"12,73";"6,3";"2,22";"3,24";"0,96";"28,74";"10,49";"2,17";"6,67";"0,19";"35,75";"2,52";"0,29";"0,01";;;"337,89";"3"
2010;7;"2010m07";"2,03";"0,02";"0,08";"2,12";"0,36";"2,48";"1,8";"37,86";"2,52";"1,29";"22,76";"32,19";"3,69";"4,91";"40,78";"34,03";"1,31";"2,33";"0,64";"0,01";"0,03";"0,06";"0,88";;"5,38";"61,84";"9,74";"15,12";"4,47";"11,58";;"47,65";"88,57";"0";"0,62";"0,04";"13,12";"6,53";"2,48";"3,36";"0,77";"29,66";"10,75";"2,27";"7,15";"0,21";"38,46";"2,75";"0,18";"0,01";;;"348,44";"3"
2010;8;"2010m08";"2,15";"0,05";"0,08";"2,28";"0,19";"2,46";"2,08";"40,1";"2,51";"1,11";"24,32";"32,31";"3,4";"4,35";"40,05";"31,64";"1,15";"2,26";"0,75";"0,01";"0,01";"0,06";"1,01";;"5,2";"60,25";"10,18";"14,91";"5,46";"11,73";;"47,6";"89,88";"0,01";"0,74";"0,09";"13,1";"6,7";"2,89";"3,21";"0,79";"28,71";"11,98";"2,35";"8,35";"0,27";"40,39";"2,73";"0,21";"0,01";;;"353,95";"3"
2010;9;"2010m09";"2,25";"0,01";"0,13";"2,39";"0,21";"2,6";"1,94";"41,14";"2,51";"1,32";"22,95";"32,49";"3,69";"4,19";"40,37";"30,06";"1,32";"2,57";"0,84";"0,03";"0,03";"0,02";"0,94";;"5,29";"60,72";"8,8";"15,31";"5,34";"11,3";;"45,86";"86,6";"0,01";"0,71";"0,03";"12,71";"6,75";"2,79";"3,44";"0,71";"25,5";"10,83";"2,49";"6,27";"0,28";"39,81";"2,95";"0,22";"0,02";;;"343,46";"3"
2010;10;"2010m10";"2,53";"0,04";"0,1";"2,68";"0,44";"3,12";"2,55";"44,42";"2,24";"1,37";"23,92";"32,87";"3,79";"4,78";"41,44";"31,93";"1,06";"2,67";"0,77";"0,01";"0,02";"0,02";"0,96";;"5,77";"62,62";"9,64";"14,86";"5,37";"10,74";;"47,31";"87,93";"0";"0,76";"0,03";"12,15";"7,62";"3,15";"3,78";"0,84";"24,48";"12,01";"2,65";"6,47";"0,3";"40,72";"3,08";"0,21";"0,02";;;"351,8";"3"
2010;11;"2010m11";"2,27";"0,01";"0,04";"2,32";"0,64";"2,96";"2,29";"41,2";"2,76";"1,14";"20,52";"30,71";"3,23";"4,03";"37,97";"28,22";"1,66";"2,11";"0,67";"0,01";"0,02";"0,04";"0,86";;"5";"57,14";"8,22";"14,55";"5,42";"10,68";;"45,13";"84";"0,01";"0,84";"0,04";"13,41";"8,67";"3,17";"4,5";"1,17";"25,38";"12,43";"2,81";"6,59";"0,34";"40,22";"2,88";"0,25";"0,02";;;"339,55";"3"
2010;12;"2010m12";"2,6";"0,01";"0,07";"2,68";"0,34";"3,02";"2,32";"49,96";"2,97";"1,56";"23,3";"28,31";"2,76";"3,86";"34,93";"29,35";"1,79";"2,31";"0,77";"0,02";"0,01";"0,07";"1,07";;"5,2";"55,39";"8,61";"18,64";"5,68";"11,94";;"47,71";"92,58";"0";"0,8";"0,02";"12,95";"7,07";"2,9";"3,4";"0,92";"26,44";"11,87";"2,12";"6,27";"0,3";"42,82";"3,28";"0,28";"0,02";;;"358,9";"3"
2011;1;"2011m01";"2,65";"0,03";"0,06";"2,73";"0,38";"3,11";"2,57";"51,49";"2,46";"1,11";"24,42";"29,7";"3,14";"3,83";"36,68";"30,93";"1,44";"2,55";"0,57";"0,02";"0,01";"0,02";"0,86";;"5,38";"57,29";"8,86";"17,57";"4,75";"12,68";;"49,6";"93,46";"0,01";"0,89";"0,09";"12,61";"6,65";"2,66";"3,28";"0,85";"27,14";"11,57";"2,55";"5,4";"0,26";"46,08";"3,04";"0,32";"0,01";;;"360,11";"3"
2011;2;"2011m02";"2,29";"0,01";"0,04";"2,34";"0,24";"2,59";"2,36";"48,78";"2,59";"1,16";"23,18";"29,49";"3,21";"3,66";"36,36";"29,25";"1,46";"2,82";"0,5";"0,02";"0,01";"0,05";"1,15";;"5,19";"56,82";"7,63";"19,46";"5,29";"12,57";;"49,45";"94,41";"0";"0,9";"0,03";"13,19";"6,8";"2,67";"3,24";"1,03";"25,28";"11,65";"2,52";"5,3";"0,25";"44,6";"2,8";"0,29";"0,01";;;"359,7";"3"
2011;3;"2011m03";"2,37";"0,04";"0,06";"2,46";"0,42";"2,88";"2,45";"44,38";"2,7";"1,51";"23,09";"32,4";"3,2";"3,86";"39,46";"30,16";"1,4";"2,49";"0,8";"0,03";"0";"0,04";"1,01";;"5,54";"60,37";"8,41";"28,72";"5,34";"13,76";;"51,25";"107,48";"0";"0,92";"0,04";"14,08";"7,97";"3,22";"4";"0,95";"25,96";"15,12";"3,11";"7,44";"0,39";"43,94";"3,24";"0,23";"0,02";;;"388,68";"3"
2011;4;"2011m04";"2,5";"0,04";"0,04";"2,58";"0,42";"3";"2,4";"44,07";"2,41";"1,15";"23,18";"29,09";"3,07";"3,71";"35,88";"28,98";"1,48";"2,57";"0,65";"0,01";"0,01";"0,08";"1,1";;"5,64";"56,68";"8,03";"16,01";"5,29";"12";;"50,48";"91,8";"0,01";"0,89";"0,12";"13,15";"8,5";"3,48";"4,3";"0,97";"23,96";"15,1";"3,43";"7,08";"0,43";"45,39";"2,91";"0,37";"0,01";;;"364,3";"3"
2011;5;"2011m05";"2,28";"0,02";"0,06";"2,36";"0,46";"2,82";"2,19";"39,83";"2,59";"1,36";"23,54";"28,77";"3,08";"3,47";"35,32";"28,25";"1,69";"2,53";"0,55";"0,03";"0";"0,05";"1,07";;"5,03";"55,33";"8,43";"16,68";"5,82";"12,74";;"50,82";"94,49";"0";"1,38";"0,09";"16,35";"8,74";"3,23";"4,62";"1,15";"24,67";"14,7";"3,45";"7,29";"0,47";"42,53";"2,8";"0,29";"0,04";;;"368,13";"3"
2011;6;"2011m06";"1,9";"0,01";"0,11";"2,03";"0,38";"2,41";"1,69";"39,63";"2,45";"1,12";"24,65";"27,46";"2,76";"3,11";"33,33";"27,64";"1,53";"2,3";"0,6";"0,01";"0,01";"0,04";"1,16";;"4,84";"52,75";"7,71";"16,34";"5,49";"11,44";;"46,69";"87,67";"0";"1,15";"0,07";"15,27";"7,72";"3,1";"3,74";"1,07";"24,97";"12,28";"2,77";"8";"0,58";"39,98";"3,09";"0,26";"0,01";;;"348,47";"3"
2011;7;"2011m07";"2,05";"0,01";"0,04";"2,1";"0,23";"2,33";"2,02";"41,47";"2,27";"1,36";"24,79";"28,31";"2,99";"3,31";"34,61";"30,62";"1,37";"2,44";"0,56";"0,02";"0";"0,08";"1,09";;"5,1";"55,24";"7,85";"16,06";"5,57";"10,71";;"45,55";"85,73";"0,01";"1,19";"0,05";"15,69";"8,01";"3,09";"4,03";"1,01";"24,53";"13,1";"2,74";"8,41";"0,36";"38,51";"2,72";"0,25";"0,04";;;"348,78";"3"
2011;8;"2011m08";"2,3";"0,01";"0,07";"2,38";"0,11";"2,49";"2,18";"43,83";"2,62";"1,4";"26,6";"29,31";"2,84";"3,33";"35,48";"31,16";"1,57";"2,2";"0,51";"0,03";"0,01";"0,07";"1,18";;"5,3";"56,53";"7,75";"16,38";"5,71";"11,1";;"47,88";"88,83";"0";"1,2";"0,08";"17,29";"8,01";"3,38";"3,9";"0,95";"27,84";"13,25";"2,87";"11,4";"0,45";"43,45";"2,88";"0,24";"0,04";;;"370,37";"3"
2011;9;"2011m09";"2";"0,02";"0,05";"2,08";"0,14";"2,22";"2,06";"40,2";"2,78";"1,45";"24,39";"28,06";"2,52";"3,38";"33,97";"30,73";"1,5";"2,13";"0,56";"0,02";"0,02";"0,09";"0,99";;"5,7";"55,07";"7,9";"16,3";"5,91";"10,06";;"47,69";"87,87";"0,01";"0,97";"0,11";"16,18";"7,98";"3,03";"3,96";"1,17";"25,92";"12,7";"3,01";"9,39";"0,37";"39,92";"2,57";"0,22";"0,01";;;"350,8";"3"
2011;10;"2011m10";"1,97";"0,01";"0,07";"2,05";"0,12";"2,17";"2,14";"43,59";"2,5";"1,32";"23,96";"25,63";"2,46";"3,17";"31,25";"31,8";"1,59";"2,44";"0,71";"0,01";"0,01";"0,04";"0,89";;"5,44";"52,87";"8,75";"14,82";"5,71";"9,93";;"46,31";"85,52";"0,01";"0,84";"0,06";"15,31";"7,36";"3,12";"3,37";"1,03";"25,78";"12,62";"2,71";"8,7";"0,33";"40,38";"2,65";"0,22";"0,02";;;"350,61";"3"
2011;11;"2011m11";"2,1";"0,01";"0,06";"2,17";"0,2";"2,38";"2,04";"40,39";"2,35";"1,27";"21,99";"25,23";"2,3";"2,71";"30,24";"29,76";"1,86";"2,2";"0,57";"0";"0,01";"0,03";"0,98";;"5,37";"51,13";"7,82";"14,75";"5,14";"9,86";;"46,48";"84,05";"0,02";"0,95";"0,05";"16,08";"8,41";"3,32";"4,17";"1,06";"27,67";"13,53";"3,34";"9,42";"0,29";"38,38";"2,63";"0,24";"0,04";;;"340,77";"3"
2011;12;"2011m12";"2,13";"0,02";"0,08";"2,23";"0,12";"2,36";"2,22";"47,86";"2,5";"1,36";"26,1";"25,76";"1,87";"2,59";"30,22";"29,95";"2,17";"2,2";"0,67";"0,02";"0,01";"0,02";"0,92";;"5,57";"51,79";"7,59";"18,3";"4,98";"9,44";;"50,25";"90,57";"0";"0,71";"0,08";"16,19";"8,58";"3,79";"3,95";"1,06";"25,17";"14,05";"3,3";"9,17";"0,41";"41,03";"2,72";"0,3";"0,02";;;"368,62";"3"
2012;1;"2012m01";"2,03";"0,01";"0,07";"2,12";"0,23";"2,36";"2,55";"46,31";"3,04";"1,25";"23,08";"25,32";"2,24";"2,58";"30,13";"30,08";"1,85";"2,37";"0,64";"0,02";"0,01";"0,02";"0,95";;"6,01";"52,1";"8,57";"19,85";"5,3";"9,94";;"50,25";"93,9";"0";"1,03";"0,08";"15,83";"8,53";"3,62";"3,99";"1,09";"26,07";"13,84";"3,07";"8,05";"0,4";"42,21";"3,17";"0,27";"0,01";;;"362,09";"3"
2012;2;"2012m02";"2,44";"0,01";"0,09";"2,54";"0,22";"2,76";"3,32";"48,5";"2,96";"1,08";"23";"28,01";"2,34";"2,83";"33,18";"36,38";"1,78";"2,82";"0,67";"0,02";"0,01";"0,04";"0,9";;"5,93";"57,6";"8,45";"33,17";"5,37";"11,62";;"51,78";"110,39";"0,01";"0,76";"0,11";"14,39";"7,24";"3,13";"3,37";"0,85";"24,81";"13,22";"2,95";"7,66";"0,35";"42,08";"2,99";"0,34";"0,01";;;"378,71";"3"
2012;3;"2012m03";"2,43";"0,01";"0,1";"2,55";"0,23";"2,79";"2,28";"46,57";"3,38";"1,04";"25,27";"27";"2,51";"2,96";"32,47";"37,01";"2,15";"2,96";"0,91";"0";"0,01";"0,04";"1,08";;"6,16";"58,29";"8,84";"17,43";"5,74";"10,3";;"52,53";"94,84";"0,01";"0,93";"0,03";"17,64";"9,57";"3,94";"4,55";"1,28";"30,02";"14,26";"3,48";"9,99";"0,48";"45,39";"2,99";"0,33";"0,02";;;"384,06";"3"
2012;4;"2012m04";"2,11";"0,01";"0,04";"2,17";"0,28";"2,44";"2,39";"45,43";"2,81";"1,18";"23,26";"26,45";"2,3";"2,59";"31,34";"37,56";"1,84";"2,72";"0,75";"0,01";"0,01";"0,07";"0,89";;"5,67";"56,04";"8,71";"15,49";"5,35";"9,56";;"49,56";"88,67";"0,01";"0,82";"0,05";"14,48";"10,04";"4,52";"4,57";"1,14";"29,69";"14,79";"3,51";"8,38";"0,28";"42,25";"2,85";"0,28";"0";;;"359,61";"3"
2012;5;"2012m05";"2,13";"0,01";"0,06";"2,2";"0,25";"2,45";"2,31";"42,66";"2,92";"1,25";"23,96";"28,84";"2,53";"3,05";"34,43";"37,02";"2,11";"2,81";"0,91";"0,01";"0,01";"0,07";"0,96";;"5,74";"59,67";"8,47";"16,16";"6,39";"10,63";;"54,24";"95,89";"0,01";"1,26";"0,1";"17,33";"10,63";"4,35";"5,19";"1,33";"32,61";"15,43";"3,81";"8,62";"0,29";"42,07";"2,84";"0,28";"0,04";;;"383,31";"3"
2012;6;"2012m06";"1,96";"0,02";"0,06";"2,04";"0,12";"2,16";"2,2";"42,69";"2,99";"1,29";"22,89";"24,95";"2,19";"2,61";"29,75";"31,35";"1,77";"2,75";"0,63";"0,01";"0,03";"0,03";"0,74";;"5,41";"51,86";"7,8";"14,66";"5,2";"9,01";;"48,53";"85,2";"0";"1,5";"0,05";"15,28";"10,7";"4,64";"5,07";"1,23";"24,77";"14,89";"3,82";"8,32";"0,2";"40,53";"3,05";"0,21";"0,03";;;"353,57";"3"
2012;7;"2012m07";"1,84";"0,03";"0,09";"1,96";"0,3";"2,26";"2,03";"45,26";"3,33";"1,4";"25,65";"25,65";"2,51";"2,32";"30,48";"30,17";"1,63";"2,96";"0,6";"0,01";"0,01";"0,05";"0,87";;"5,11";"52,13";"8,2";"15,25";"5,27";"9,61";;"51,93";"90,27";"0,01";"1,21";"0,09";"19,99";"10,34";"4,09";"5,02";"1,45";"25,16";"14,24";"3,63";"8,94";"0,26";"42,51";"3,23";"0,23";"0,01";;;"377,71";"3"
2012;8;"2012m08";"1,81";"0,01";"0,07";"1,88";"0,27";"2,15";"2,15";"45,12";"3,17";"1,35";"25,99";"24,88";"2,28";"2,12";"29,29";"31,09";"2,02";"2,6";"0,62";"0,01";"0,02";"0,04";"1,03";;"5,66";"52,06";"8,06";"15,71";"5,47";"10,14";;"51,3";"90,67";"0,01";"0,86";"0,04";"20";"10,12";"4,09";"5,01";"1,27";"24,77";"14,54";"3,86";"9,33";"0,33";"43,25";"3,18";"0,31";"0,01";;;"375,09";"3"
2012;9;"2012m09";"2,04";"0";"0,08";"2,12";"0,09";"2,21";"2,01";"44,38";"3,32";"1,11";"25,17";"21,86";"2,07";"2,14";"26,07";"30,96";"1,52";"2,58";"0,64";"0,01";"0,03";"0,07";"0,79";;"5,12";"47,62";"7,89";"13,74";"4,84";"8,85";;"46,57";"81,9";"0,02";"0,66";"0,04";"16,19";"8,84";"3,89";"4,12";"1,04";"22,95";"12,86";"3,24";"8,32";"0,31";"42,07";"3,19";"0,3";"0,03";;;"346,9";"3"
2012;10;"2012m10";"1,93";"0";"0,11";"2,04";"0,19";"2,23";"2,31";"47,9";"3,45";"1,38";"26,41";"24,77";"2,15";"2,15";"29,07";"30,93";"1,94";"2,58";"0,55";"0,01";"0,01";"0,06";"0,96";;"5,09";"51,09";"8,5";"15,41";"5,55";"9,83";;"51,25";"90,53";"0";"0,83";"0,05";"19,56";"9,5";"3,91";"4,53";"1,32";"25,86";"13,94";"4,17";"7,65";"0,28";"45,28";"3,39";"0,29";"0,01";;;"381,41";"3"
2012;11;"2012m11";"2";"0,01";"0,05";"2,06";"0,23";"2,29";"2,11";"42,39";"3,01";"1,27";"23";"23,95";"1,92";"2,22";"28,09";"30,18";"1,77";"2,45";"0,59";"0,01";"0,01";"0,02";"0,93";;"5,49";"49,97";"8,37";"14,46";"4,69";"8,68";;"49,92";"86,11";"0";"0,78";"0,06";"18,62";"10,31";"4,18";"5,03";"1,28";"24";"14,17";"4,55";"7,69";"0,34";"39,13";"2,84";"0,16";"0,01";;;"347,25";"3"
2012;12;"2012m12";"2,42";"0,02";"0,05";"2,49";"0,16";"2,65";"2,53";"54,06";"3,05";"1,47";"25,32";"23,75";"1,85";"2,25";"27,85";"32,81";"2,15";"2,52";"0,64";"0,01";"0,03";"0,05";"0,89";;"5,37";"51,11";"8,36";"17,44";"5,16";"9,02";;"53,13";"93,11";"0";"0,68";"0,04";"17,48";"9,34";"3,9";"4,5";"1,16";"22,17";"14,46";"4,22";"7,13";"0,28";"46,14";"3,09";"0,31";"0,01";;;"379,14";"3"
2013;1;"2013m01";"2,44";"0,01";"0,07";"2,52";"0,18";"2,69";"2,35";"41,72";"3,15";"1,07";"20,83";"26,7";"2,13";"2,48";"31,32";"33,62";"2,06";"3";"0,77";"0";"0,02";"0,05";"0,95";;"4,96";"55,07";"8,67";"21,42";"4,73";"9,35";;"54,67";"98,84";"0,01";"1,02";"0,06";"20,42";"10,74";"4,34";"5,29";"1,34";"26,64";"15,31";"4,83";"7,12";"0,36";"43,1";"3,4";"0,28";"0,01";;;"377,23";"3"
2013;2;"2013m02";"2,38";"0,02";"0,04";"2,45";"0,18";"2,62";"2,8";"51,32";"3,14";"1,05";"21,22";"28,68";"2,28";"2,58";"33,54";"32,85";"1,58";"2,77";"0,72";"0,01";"0,04";"0,06";"0,83";;"5,01";"56,27";"8,07";"29,08";"4,94";"10,59";;"54,95";"107,62";"0,01";"0,85";"0,06";"17,04";"11,44";"4,54";"5,49";"1,66";"25,56";"17,5";"5,27";"7,17";"0,31";"43,96";"3,06";"0,27";"0,02";;;"393,45";"3"
2013;3;"2013m03";"2,52";"0,01";"0,07";"2,59";"0,23";"2,82";"2,93";"48,67";"3,11";"1";"23,86";"29,36";"2,24";"2,83";"34,43";"38,66";"1,61";"3,27";"0,85";"0";"0,01";"0,09";"0,79";;"6,06";"60,92";"9,24";"14,21";"5,35";"8,81";;"53,28";"90,89";"0";"0,93";"0,08";"18,75";"13,18";"5,32";"6,41";"1,68";"27,76";"19,41";"6,08";"8,76";"0,46";"46,4";"3,43";"0,39";"0,02";;;"396,11";"3"
2013;4;"2013m04";"2,55";"0,05";"0,06";"2,66";"0,23";"2,89";"2,15";"44,75";"3,34";"0,89";"23,11";"30,2";"2,45";"2,54";"35,19";"37,26";"1,78";"3,21";"0,8";"0,02";"0,07";"0,04";"1,2";;"5,99";"61,67";"8,66";"14,73";"5,67";"8,31";;"51,86";"89,22";"0";"0,86";"0,01";"20,3";"12,83";"5,1";"6,49";"1,53";"30,16";"19,05";"6,12";"8,95";"0,38";"42,1";"3,53";"0,23";"0,01";;;"389,72";"3"
2013;5;"2013m05";"2,63";"0,01";"0,05";"2,69";"0,25";"2,94";"2,42";"44,66";"2,95";"1,07";"22,02";"31,77";"2,86";"3,36";"38";"36,28";"1,88";"4,04";"0,8";"0,01";"0,01";"0,1";"1,21";;"6,29";"65,43";"8,74";"15,15";"5,65";"8,66";;"51,36";"89,55";"0";"0,76";"0,01";"19,68";"12,49";"4,97";"6,31";"1,5";"29,31";"18,87";"5,43";"9,55";"0,42";"42,58";"3,05";"0,29";"0,02";;;"397,23";"3"
2013;6;"2013m06";"2,21";"0,02";"0,1";"2,34";"0,16";"2,49";"2,31";"44,91";"2,95";"1,19";"24,38";"28,85";"3,04";"3,02";"34,91";"37,85";"1,4";"3,92";"0,67";"0,02";"0,02";"0,09";"1,09";;"5,8";"61,62";"8,75";"15,9";"5,32";"8,69";;"49,73";"88,39";"0";"0,98";"0,07";"18,55";"11,1";"4,33";"5,81";"1,17";"27,79";"19,6";"5,54";"9,21";"0,27";"41,63";"3,14";"0,21";"0,03";;;"384,57";"3"
2013;7;"2013m07";"1,84";"0,01";"0,07";"1,92";"0,22";"2,14";"1,94";"40,93";"2,93";"1,08";"24,08";"30,33";"2,87";"3,2";"36,39";"37,65";"1,56";"3,82";"0,86";"0,02";"0,02";"0,07";"0,98";;"6,04";"63,46";"9,17";"19,89";"5,79";"9,44";;"53,99";"98,27";"0";"1,06";"0,08";"19,02";"10,96";"4,05";"5,91";"1,26";"31,25";"17,47";"5,96";"10,57";"0,29";"38,53";"2,25";"0,22";"0,03";;;"396,97";"3"
2013;8;"2013m08";"2,49";"0,02";"0,1";"2,61";"0,16";"2,77";"2,1";"40,95";"2,79";"1,33";"26,28";"32,56";"3,27";"3,83";"39,66";"42,18";"1,77";"3,72";"0,78";"0,01";"0,02";"0,05";"0,97";;"6,37";"68,77";"9,46";"16,2";"5,7";"8,82";;"49,45";"89,64";"0";"1,05";"0,11";"19,79";"11,74";"4,6";"6,01";"1,34";"31,81";"17,41";"5,29";"9,9";"0,35";"40,66";"2,47";"0,18";"0,02";;;"397,19";"3"
2013;9;"2013m09";"2,31";"0,02";"0,1";"2,43";"0,25";"2,68";"2,74";"43,64";"3,11";"1,5";"26,32";"31,11";"3,49";"3,86";"38,46";"39,6";"1,72";"3,59";"0,64";"0,01";"0,04";"0,09";"0,95";;"5,8";"65,85";"9,63";"17,61";"5,41";"11,68";;"52,26";"96,58";"0";"1,03";"0,08";"17,44";"12,04";"4,89";"5,9";"1,46";"32,42";"17,96";"6,42";"8,82";"0,44";"41,91";"2,59";"0,21";"0,02";;;"401,79";"3"
2013;10;"2013m10";"2,3";"0,02";"0,07";"2,39";"0,23";"2,62";"2,69";"45,8";"3,17";"1,12";"25,27";"33,74";"3,23";"3,53";"40,5";"43,66";"1,8";"3,33";"0,73";"0,01";"0,02";"0,05";"1,03";;"6,72";"70,29";"9,69";"16,22";"5,7";"9,13";;"53,18";"93,92";"0";"1,02";"0,03";"19,15";"13,06";"5,72";"6,09";"1,6";"34,36";"18,91";"6,66";"10,21";"0,32";"43,42";"3,03";"0,25";"0,03";;;"415,01";"3"
2013;11;"2013m11";"2,52";"0,01";"0,08";"2,62";"0,19";"2,8";"2,56";"44,38";"2,85";"1,15";"25,1";"32,65";"2,88";"3,3";"38,84";"43,52";"1,88";"3,71";"0,77";"0,01";"0,02";"0,07";"0,87";;"6,71";"69,02";"8,79";"15,33";"5,12";"8,37";;"48,3";"85,9";"0,01";"0,93";"0,09";"16,13";"11,2";"4,63";"5,51";"1,35";"31,37";"17,3";"5,91";"10,13";"0,22";"41,89";"2,7";"0,27";"0,02";;;"389";"3"
2013;12;"2013m12";"2,81";"0,03";"0,1";"2,94";"0,26";"3,21";"3,24";"50,02";"2,49";"1,19";"25,5";"34,54";"2,66";"3,19";"40,38";"47,37";"2,56";"4,03";"0,71";"0,01";"0,01";"0,07";"0,74";;"6,75";"72,9";"9,13";"16,38";"5,5";"7,86";;"49,91";"88,78";"0";"0,92";"0,04";"16,32";"11,22";"4,43";"5,69";"1,32";"30,57";"16,84";"5,93";"6,89";"0,23";"45,42";"2,94";"0,25";"0,04";;;"399,87";"3"
2014;1;"2014m01";"2,83";"0,02";"0,09";"2,94";"0,3";"3,24";"3,39";"55,13";"3,38";"1,18";"24,76";"40,36";"2,88";"4,03";"47,27";"52,23";"2,98";"4,72";"0,77";"0,04";"0,02";"0,05";"0,74";"0";"7,77";"83,89";"9,98";"19,91";"5,71";"9,37";"0";"60,19";"105,16";"0";"1,08";"0,19";"18,38";"14,35";"7,07";"6,16";"1,33";"38,15";"18,85";"6,65";"9,1";"0,29";"55,03";"3,83";"0,4";"0,02";"0";"0";"459,35";"3"
2014;2;"2014m02";"2,93";"0,03";"0,1";"3,06";"0,34";"3,4";"3,31";"49,28";"3,38";"1,01";"23,06";"39,91";"2,81";"3,78";"46,5";"49,05";"2,55";"4,43";"0,85";"0,02";"0,03";"0,09";"0,75";"0";"7,11";"80,75";"9,04";"19,94";"5,72";"8,21";"0";"53,64";"96,55";"0";"0,94";"0,11";"17,49";"12,95";"5,5";"6,22";"1,42";"35,14";"18,85";"6,78";"7,85";"0,35";"49,01";"3,17";"0,38";"0,02";"2,11";"0";"422,79";"3"
2014;3;"2014m03";"3,1";"0,03";"0,06";"3,2";"0,28";"3,48";"3,31";"50,86";"2,92";"1,3";"23,97";"42,69";"3,38";"3,89";"49,96";"47,6";"2,44";"4,7";"0,76";"0,01";"0,02";"0,1";"0,57";"0";"6,94";"83,45";"9,98";"27,78";"5,93";"9,6";"0";"56,28";"109,57";"0,01";"1,07";"0,1";"16,71";"12,45";"5,3";"6,1";"1,39";"38,04";"19,2";"6,55";"9,33";"0,37";"49,63";"3,43";"0,36";"0,01";"10,55";"0";"443,77";"3"
2014;4;"2014m04";"2,73";"0,01";"0,1";"2,84";"0,23";"3,07";"3,4";"45,53";"2,85";"1,18";"22,13";"41,23";"3,37";"4";"48,59";"49,42";"2,26";"4,61";"0,73";"0,02";"0,03";"0,05";"0,86";"0";"7,54";"83,39";"9,11";"15,89";"5,71";"6,84";"0";"50,06";"87,61";"0";"0,78";"0,09";"16,42";"13,15";"5,38";"6,55";"1,52";"39,02";"18,89";"6,09";"10,34";"0,44";"45,26";"3,24";"0,25";"0,02";"2,11";"0";"409,76";"3"
2014;5;"2014m05";"2,7";"0,02";"0,05";"2,77";"0,32";"3,09";"3,07";"38";"2,69";"0,98";"23,96";"42,76";"3,48";"3,47";"49,72";"49,18";"3,16";"4,43";"0,85";"0,01";"0,02";"0,05";"0,67";"0";"7,1";"84,7";"9,18";"15,66";"5,33";"7,01";"0";"49,35";"86,53";"0";"0,99";"0,1";"17,41";"12,68";"5,47";"5,93";"1,53";"39,93";"17,54";"4,97";"11,73";"0,41";"40,67";"2,74";"0,19";"0,02";"4,22";"0";"402,37";"3"
2014;6;"2014m06";"2,29";"0,01";"0,11";"2,41";"0,27";"2,68";"3,06";"43,93";"2,61";"1,12";"23,28";"40,82";"3,74";"3,43";"47,99";"42,01";"2,35";"3,94";"0,63";"0";"0,01";"0,04";"0,53";"0";"6,36";"77,87";"8,45";"17,94";"4,75";"7,28";"0";"53,11";"91,53";"0";"0,81";"0,08";"16,97";"12,4";"5,61";"5,54";"1,43";"31,93";"16,43";"4,47";"9,18";"0,36";"41,59";"2,72";"0,15";"0,02";"4,22";"0";"397,46";"3"
2014;7;"2014m07";"2,25";"0,02";"0,09";"2,36";"0,35";"2,7";"2,67";"36,87";"2,69";"0,95";"21,71";"43,71";"3,93";"3,6";"51,24";"39,35";"2,69";"3,95";"0,58";"0,01";"0,01";"0,09";"0,83";"0";"6,74";"81,18";"8,85";"19,73";"6,21";"7,82";"0";"56,73";"99,34";"0";"0,76";"0,04";"19,11";"13,49";"5,87";"6,15";"1,74";"33,42";"16,65";"4,85";"12,81";"0,5";"38,73";"2,61";"0,23";"0,01";"4,22";"0";"410,75";"3"
2014;8;"2014m08";"2,26";"0,02";"0,05";"2,34";"0,27";"2,62";"2,54";"37,95";"2,73";"1,12";"24,07";"40,77";"4,54";"3,07";"48,38";"38,1";"2,72";"3,32";"0,63";"0,02";"0,01";"0,03";"0,67";"0";"5,56";"75,98";"9,07";"14,35";"5,89";"7,19";"0";"46,57";"83,07";"0";"0,84";"0,04";"17,43";"14,79";"6,76";"6,54";"1,75";"31,52";"17,28";"5,54";"10,16";"0,32";"40,13";"2,99";"0,23";"0,02";"4,22";"0";"395,28";"3"
2014;9;"2014m09";"2,09";"0,02";"0,04";"2,16";"0,3";"2,46";"3,2";"41,78";"2,93";"0,93";"24,96";"39,32";"4,61";"3,24";"47,16";"35,7";"2,92";"3,11";"0,46";"0,01";"0,04";"0,01";"0,69";"0";"5,37";"73,54";"8,14";"15,57";"5,74";"7,9";"0";"47,51";"84,86";"0";"0,92";"0,05";"18,21";"15,05";"6,88";"6,81";"1,7";"30,68";"17,37";"5,72";"14,04";"0,47";"43,24";"3,1";"0,33";"0,01";"2,11";"0";"409,75";"3"
2014;10;"2014m10";"2,28";"0,02";"0,07";"2,36";"0,27";"2,63";"3,29";"43,97";"2,88";"0,99";"24,35";"40,9";"4,81";"3,94";"49,64";"35,83";"3,31";"3,03";"0,5";"0,02";"0,02";"0,04";"0,73";"0";"6,64";"77,82";"8,67";"15,81";"6,01";"7,95";"0";"49,74";"88,18";"0";"1,12";"0,05";"20,01";"14,22";"6,41";"6,78";"1,3";"29,12";"17,59";"6,25";"10,02";"0,37";"43,83";"3,18";"0,25";"0,02";"2,11";"0";"415,81";"3"
2014;11;"2014m11";"2,09";"0,01";"0,07";"2,17";"0,38";"2,55";"3,53";"42,71";"2,86";"0,95";"23,17";"37,89";"4,97";"3,69";"46,55";"37,6";"3,65";"3,18";"0,59";"0,01";"0,01";"0,04";"0,71";"0";"6,56";"75,93";"8,35";"16,13";"5,42";"7,59";"0";"48,66";"86,15";"0";"0,9";"0,04";"17,12";"14,64";"6,74";"6,6";"1,65";"26,04";"16,63";"5,29";"10,22";"0,46";"41,46";"3,38";"0,29";"0,02";"2,11";"0";"400,14";"3"
2014;12;"2014m12";"2,47";"0,04";"0,1";"2,61";"0,23";"2,84";"3,91";"46,09";"2,59";"0,93";"23,74";"38,57";"4,6";"4,31";"47,48";"43,89";"4,77";"3,64";"0,59";"0";"0,03";"0,02";"0,84";"0";"7,06";"81,58";"8,64";"17,18";"5,29";"7,63";"0";"50,78";"89,51";"0";"0,76";"0,13";"16";"13,48";"6,3";"6,13";"1,32";"28,8";"16,29";"4,84";"7,82";"0,35";"42,54";"3,31";"0,24";"0,01";"0";"0";"407,9";"3"
2015;1;"2015m01";"2,66";"0,01";"0,07";"2,73";"0,39";"3,13";"3,74";"46,94";"2,94";"1,01";"21,34";"41,97";"5,54";"4,25";"51,77";"44,37";"4,45";"4,03";"0,64";"0,01";"0,02";"0,02";"0,67";"0";"8,02";"87,04";"9,65";"20,57";"5,04";"8,79";"0";"55,02";"99,08";"0,01";"0,87";"0,05";"19,21";"15,1";"6,67";"7,26";"1,41";"35,94";"17,6";"5,66";"9,06";"0,35";"44,06";"3,5";"0,33";"0,01";"6,21";"0";"433,89";"3"
2015;2;"2015m02";"1,97";"0,05";"0,06";"2,08";"0,5";"2,59";"2,9";"40,92";"2,1";"0,81";"17,96";"38,88";"5,49";"3,02";"47,39";"38,39";"3,07";"3,4";"0,47";"0,02";"0,02";"0,06";"0,82";"0";"7,59";"77,96";"8,08";"30,13";"4,7";"11,23";"0";"50,66";"104,79";"0";"0,75";"0,08";"14,4";"14,13";"6,35";"6,53";"1,49";"30,31";"17,01";"5,47";"8,67";"0,35";"37,15";"3,03";"0,26";"0,01";"2,07";"0";"393,98";"3"
2015;3;"2015m03";"2,31";"0,01";"0,09";"2,41";"0,33";"2,74";"3,3";"41,13";"2,66";"0,87";"21,79";"37,2";"5,47";"3,55";"46,22";"43,88";"3,32";"3,69";"0,64";"0,01";"0,02";"0,08";"1";"0";"7,73";"80,02";"9,21";"20,39";"5,98";"9,29";"0";"50,31";"95,17";"0";"1,13";"0,1";"19,77";"15,22";"6,46";"7,56";"1,45";"35,43";"20,73";"6,11";"10,65";"0,53";"42,9";"3,59";"0,33";"0,08";"6,21";"0";"419,28";"3"
2015;4;"2015m04";"2,05";"0,02";"0,13";"2,2";"0,36";"2,56";"2,96";"38,07";"2,54";"0,86";"20,32";"33,59";"5,38";"3,85";"42,82";"41,12";"2,91";"3,18";"0,53";"0,03";"0,03";"0,07";"0,75";"0";"6,9";"73,49";"7,99";"18,1";"5,62";"8,37";"0";"45,5";"85,58";"0,01";"0,93";"0,08";"16,08";"13,63";"5,41";"7,01";"1,51";"30,08";"18,65";"5,63";"11,85";"0,34";"37,87";"3,05";"0,23";"0,01";"4,14";"0";"381,64";"3"
2015;5;"2015m05";"2,1";"0,01";"0,05";"2,16";"0,27";"2,43";"2,91";"35,34";"2,14";"0,96";"20,09";"32,75";"5,54";"3,89";"42,18";"37,34";"3,38";"3,17";"0,5";"0,02";"0,01";"0,03";"0,89";"0";"7,35";"72,36";"8,66";"19,69";"5,75";"8,68";"0";"46,92";"89,71";"0,01";"1,25";"0,04";"18,26";"13,64";"5,55";"7,12";"1,25";"30,94";"18,71";"4,87";"11,36";"0,34";"36,24";"3,14";"0,27";"0,02";"8,28";"9,76";"388,44";"3"
2015;6;"2015m06";"1,64";"0,01";"0,1";"1,75";"0,27";"2,02";"2,88";"33,46";"2,35";"0,85";"20,37";"26,72";"5,42";"3,74";"35,88";"34,23";"3,42";"2,81";"0,58";"0,02";"0,01";"0,03";"0,64";"0,02";"7,51";"64,55";"8,06";"17,98";"5,85";"9,15";"0,03";"45,19";"86,25";"0";"1,16";"0,06";"17,77";"12,9";"5,11";"6,85";"1,23";"26,85";"18,91";"4,82";"10,13";"0,34";"34,32";"2,98";"0,31";"0,02";"2,07";"9,76";"364,85";"3"
2015;7;"2015m07";"1,85";"0,01";"0,05";"1,92";"0,37";"2,28";"2,92";"34,51";"2,58";"0,88";"20,54";"29,27";"5,82";"3,64";"38,73";"36,7";"3,27";"3,6";"0,58";"0,01";"0,02";"0,05";"0,59";"0,15";"7,05";"68,69";"8,34";"17,26";"5,15";"8,99";"1,33";"45,22";"86,29";"0";"1,11";"0,07";"19,01";"15,37";"6,78";"7,43";"1,4";"28,83";"18,3";"5,09";"10,89";"0,5";"35,75";"3,01";"0,23";"0,01";"4,14";"0";"381,48";"3"
2015;8;"2015m08";"2,03";"0,01";"0,07";"2,11";"0,3";"2,4";"2,82";"37,86";"2,63";"0,93";"21,76";"29,14";"6,7";"3,79";"39,63";"35,02";"2,94";"3,2";"0,6";"0";"0,01";"0,03";"0,56";"0,1";"7,08";"68,19";"8,4";"17,15";"5,19";"9,86";"1,03";"43,82";"85,44";"0";"1,15";"0,06";"17,94";"14,86";"6,23";"7,69";"1,21";"27,71";"18,94";"5,35";"10,76";"0,43";"36,2";"2,94";"0,27";"0,01";"0";"0";"381,54";"3"
2015;9;"2015m09";"2,12";"0";"0,04";"2,16";"0,35";"2,51";"3,61";"37,22";"2,34";"0,85";"19,95";"28,74";"7,21";"4,79";"40,74";"36,34";"3,24";"3,39";"0,55";"0,01";"0,01";"0,05";"0,75";"0,13";"6,95";"70,4";"8,57";"18,94";"5,37";"12,51";"1,13";"46,94";"93,46";"0,01";"0,98";"0,04";"16,66";"13,69";"5,75";"6,95";"1,23";"27,83";"17,29";"5,26";"10,09";"0,56";"35,7";"3,57";"0,29";"0,05";"4,14";"0";"382,31";"3"
2015;10;"2015m10";"2,29";"0,01";"0,06";"2,37";"0,31";"2,68";"2,47";"39,41";"2,31";"0,91";"20,52";"30,63";"6,47";"4,34";"41,44";"37,47";"3,99";"3,1";"0,66";"0,01";"0,02";"0,02";"0,64";"0,11";"7,25";"72,33";"8,38";"16,5";"5,41";"10,49";"1,21";"43,67";"85,65";"0";"0,94";"0,08";"17,86";"14,54";"6,37";"7,37";"1,19";"27,7";"18,01";"5,33";"10,4";"0,6";"38,75";"3,07";"0,21";"0,01";"0";"0";"386,38";"3"
2015;11;"2015m11";"2,05";"0,03";"0,03";"2,11";"0,28";"2,39";"2,89";"40,86";"2,44";"0,94";"18,53";"32,63";"7,04";"3,93";"43,6";"39,02";"4,13";"3,56";"0,69";"0,01";"0,02";"0,02";"0,69";"0,1";"7,17";"75,75";"8,78";"16,71";"5,1";"9,36";"0,9";"43,33";"84,18";"0";"1,16";"0,04";"18,37";"13,35";"5,42";"6,93";"1,27";"28,77";"17,69";"4,7";"9,95";"0,59";"36,94";"3,33";"0,19";"0,02";"4,14";"0";"380,04";"3"
2015;12;"2015m12";"2,3";"0,02";"0,07";"2,39";"0,17";"2,56";"2,89";"41,94";"2,5";"0,92";"20,84";"34";"6,65";"4,38";"45,04";"46,72";"5,55";"3,69";"0,74";"0,02";"0,01";"0,04";"0,57";"0,1";"8,66";"83,31";"8,3";"18,38";"5,96";"9,24";"0,93";"48,58";"91,4";"0";"0,83";"0,09";"19,79";"13,34";"6,81";"5,67";"1,15";"28,65";"15,94";"4,34";"8,3";"0,46";"37,01";"3,15";"0,31";"0,03";"6,21";"0";"404,44";"3"
2016;1;"2016m01";"2,45";"0,01";"0,11";"2,57";"0,32";"2,89";"3,12";"38,07";"2,45";"1,05";"17,04";"43,45";"8,09";"4,91";"56,44";"49,91";"4,41";"3,72";"0,74";"0,01";"0,01";"0,04";"0,48";"0,14";"8,23";"94,45";"9,13";"21,17";"5,77";"10,49";"0,89";"48,45";"95,89";"0";"0,83";"0,03";"18,33";"13,55";"5,63";"7,05";"1,12";"34,79";"17,7";"5,73";"8,27";"0,52";"34,11";"3,65";"0,3";"0,02";"2,17";"0";"409,69";"3"
2016;2;"2016m02";"2,43";"0,04";"0,13";"2,6";"0,3";"2,9";"2,99";"39,58";"1,98";"0,84";"17,26";"46,7";"8,29";"4,9";"59,89";"45,31";"3,74";"3,49";"0,69";"0,02";"0,01";"0,02";"0,39";"0,08";"10,57";"97,31";"8,77";"24,38";"4,99";"10,87";"1,01";"49,73";"99,75";"0";"0,71";"0,04";"16,1";"12,6";"4,91";"6,66";"1,28";"31,18";"18,53";"5,19";"8,69";"0,52";"34,74";"2,9";"0,26";"0,04";"0";"0";"414,36";"3"
2016;3;"2016m03";"2,68";"0,01";"0,11";"2,8";"0,37";"3,17";"3,32";"38,27";"2,29";"0,67";"17,64";"44,89";"8,72";"5,47";"59,08";"50,16";"3,83";"3,61";"0,58";"0,02";"0,06";"0,07";"0,51";"0,1";"9,22";"97,51";"8,48";"14,85";"5,53";"9,12";"1,04";"46,31";"85,33";"0";"1,17";"0,04";"19,7";"13,77";"5,08";"7,72";"1,28";"36,96";"20,18";"6,14";"9,87";"0,46";"37,13";"3,02";"0,36";"0,04";"8,68";"0";"410,63";"3"
2016;4;"2016m04";"2,86";"0,01";"0,09";"2,96";"0,47";"3,42";"3,3";"34,71";"2,58";"0,84";"18,39";"40,77";"8,76";"5,39";"54,93";"48,08";"4,38";"3,46";"0,64";"0,01";"0,01";"0,05";"0,34";"0,08";"9,84";"93,36";"8,65";"12,48";"5,11";"8,37";"1,03";"42,79";"78,44";"0,01";"0,91";"0,05";"17,67";"12,32";"4,29";"7,05";"1,19";"35,29";"18,86";"5,34";"8,13";"0,59";"32";"2,82";"0,22";"0,01";"6,51";"10,02";"384,48";"3"
2016;5;"2016m05";"2,22";"0,02";"0,1";"2,34";"0,51";"2,85";"2,89";"32,08";"2,23";"0,87";"17,26";"44,8";"8,71";"6,17";"59,67";"47,95";"4,42";"3,6";"0,55";"0";"0,01";"0,02";"0,43";"0,09";"10,4";"98,79";"9,27";"13,59";"5,02";"7,95";"1,19";"44,29";"81,31";"0";"0,85";"0,04";"20,21";"12,78";"4,6";"7,2";"1,21";"35,58";"18,33";"5,02";"9,17";"0,57";"30,07";"2,74";"0,23";"0,04";"10,85";"10,02";"392,71";"3"
2016;6;"2016m06";"2,24";"0,03";"0,15";"2,42";"0,45";"2,87";"2,53";"28,12";"2,21";"0,73";"17,68";"48,11";"9,72";"6,7";"64,53";"48,6";"4,2";"3,11";"0,72";"0,02";"0,02";"0,03";"0,26";"0,11";"9,99";"102,9";"8,74";"13,3";"5";"7,81";"0,96";"40,76";"76,58";"0";"0,66";"0,02";"18,62";"11,86";"4,7";"6,34";"1,15";"35,14";"17,51";"5,02";"9,92";"0,66";"29,95";"2,57";"0,26";"0,01";"2,17";"0";"386,85";"3"
2016;7;"2016m07";"2,21";"0,05";"0,09";"2,35";"0,44";"2,8";"2,9";"33,88";"2,37";"0,87";"18,15";"47,09";"10,1";"6,88";"64,07";"45,48";"4,21";"3,79";"0,6";"0,01";"0,05";"0,03";"0,41";"0,1";"9,25";"101,18";"7,81";"12,73";"4,87";"8,24";"0,89";"45,29";"79,83";"0,01";"0,76";"0,02";"18,81";"13,35";"5,56";"6,78";"1,25";"35,14";"17,84";"4,43";"9,32";"0,75";"31,13";"2,99";"0,3";"0,01";"6,51";"0";"398,5";"3"
2016;8;"2016m08";"2,33";"0,02";"0,08";"2,43";"0,44";"2,88";"3,18";"32,25";"2,34";"0,96";"19,28";"48,26";"10,54";"7,05";"65,85";"44,44";"4,56";"3,86";"0,62";"0,01";"0,01";"0,04";"0,4";"0,08";"9,75";"103,45";"7,46";"15,08";"5,74";"9,51";"0,97";"57,09";"95,84";"0";"0,65";"0,03";"20,93";"12,91";"5,72";"6,28";"1,14";"30,45";"17,48";"4,69";"8,28";"0,72";"31,48";"2,63";"0,25";"0,01";"15,19";"0";"417,88";"3"
2016;9;"2016m09";"2,55";"0,02";"0,11";"2,68";"0,53";"3,21";"2,87";"34,11";"2,59";"0,92";"17,2";"48,35";"10,84";"7,87";"67,06";"50,15";"5,36";"4,01";"0,66";"0,01";"0,02";"0,01";"0,4";"0,13";"10,17";"108,49";"7,69";"12,48";"5,39";"9,33";"1,16";"47,23";"83,29";"0,01";"0,77";"0,02";"18,25";"12,35";"5,22";"6,28";"1,09";"34,49";"16,19";"4,82";"7,04";"0,54";"32,97";"2,78";"0,27";"0,02";"2,17";"0";"405,25";"3"
2016;10;"2016m10";"2,79";"0,04";"0,18";"3,01";"0,52";"3,54";"3,07";"38,22";"2,47";"1,03";"17,96";"53,77";"11,69";"9,16";"74,62";"60,85";"5,67";"3,87";"0,66";"0,02";"0,02";"0,05";"0,36";"0,11";"10,94";"121,42";"8,21";"12,36";"5,04";"8,54";"1,1";"47,03";"82,27";"0,03";"0,91";"0,02";"19,69";"11,33";"4,92";"5,59";"0,97";"36,1";"17,06";"4,75";"6,6";"0,46";"33,24";"3,4";"0,26";"0,01";"4,34";"0";"421,88";"3"
2016;11;"2016m11";"2,77";"0,05";"0,11";"2,92";"0,56";"3,49";"3,17";"34,24";"2,35";"0,85";"15,73";"52,07";"11,28";"9,67";"73,02";"59,71";"6,61";"3,98";"0,82";"0,01";"0,05";"0,05";"0,26";"0,05";"11,83";"121,35";"8,37";"11,66";"4,62";"7,99";"0,88";"44,45";"77,97";"0,01";"0,76";"0,06";"16,79";"11,41";"4,31";"6,23";"1,01";"39,39";"16,86";"4,93";"6,49";"0,57";"31,19";"2,96";"0,28";"0,01";"15,19";"0";"400,42";"3"
2016;12;"2016m12";"2,78";"0,04";"0,17";"2,99";"0,65";"3,64";"3,05";"37,49";"2,42";"1,1";"16,54";"45,78";"10,77";"8,37";"64,92";"60,7";"7,97";"3,31";"0,64";"0,01";"0,03";"0,03";"0,43";"0,08";"12,39";"114,92";"8,18";"11,99";"4,55";"7,46";"1";"47,92";"81,09";"0,01";"0,72";"0,04";"16,83";"12,17";"4,94";"6,54";"0,92";"36,32";"18,39";"4,68";"6,42";"0,53";"31,89";"3,06";"0,28";"0,02";"8,68";"0";"403,6";"3"
2017;1;"2017m01";"2,87";"0,01";"0,15";"3,03";"0,59";"3,62";"3,29";"28,18";"2,45";"0,93";"10,55";"30,78";"6,82";"4,96";"42,56";"60,88";"4,16";"2";"0,49";"0,02";"0,02";"0,01";"0,24";"0,05";"10,52";"85,27";"8,14";"8,65";"2,81";"5,25";"0,77";"34,8";"60,4";"0";"0,5";"0,04";"10,36";"10,22";"3,14";"6,39";"0,86";"45,58";"17,15";"4,57";"5,66";"0,73";"22,75";"2,2";"0,27";"0,01";"8,58";"0";"308,14";"3"
2017;2;"2017m02";"3,01";"0,02";"0,16";"3,19";"0,51";"3,7";"2,71";"15,11";"1,94";"1,02";"5,08";"13,55";"3,3";"2,92";"19,77";"61,95";"2,71";"1,66";"0,29";"0";"0,02";"0,02";"0,07";"0,02";"7,97";"58,22";"7,85";"3,97";"1";"3,16";"0,23";"18,51";"34,73";"0";"0,29";"0,05";"4,3";"7,59";"2,23";"4,84";"0,72";"33,34";"14,36";"3,21";"5,29";"0,49";"8,45";"1,41";"0,23";"0,01";"2,15";"0";"187,19";"3"
2017;3;"2017m03";"2,98";"0,04";"0,17";"3,19";"0,74";"3,92";"2,69";"23,35";"2,52";"1,05";"8,36";"36,6";"11,6";"7,82";"56,03";"72,15";"4,68";"3,16";"0,59";"0,02";"0,04";"0,02";"0,19";"0,16";"21,93";"116,79";"8,56";"9,2";"2,83";"8,06";"0,95";"52";"81,6";"0,02";"0,78";"0,01";"11,96";"10,22";"2,92";"6,53";"0,9";"42,29";"18,34";"4,86";"8,54";"0,56";"18,32";"2,1";"0,2";"0,01";"2,15";"0";"361,94";"3"
2017;4;"2017m04";"2,61";"0,01";"0,13";"2,75";"0,48";"3,23";"3,22";"33,89";"2,17";"1,1";"14,25";"51,16";"15,09";"9,53";"75,78";"70,43";"6,18";"3,9";"0,76";"0,01";"0,04";"0,04";"0,36";"0,08";"20,86";"137,31";"7,72";"9,43";"3,43";"7,67";"1,22";"46,65";"76,12";"0,02";"0,79";"0,04";"15,67";"10,86";"3,71";"6,34";"1,01";"50,13";"17,73";"4,17";"8,11";"0,68";"27,52";"2,16";"0,16";"0,01";"15,02";"0";"407";"3"
2017;5;"2017m05";"2,54";"0,01";"0,12";"2,67";"0,58";"3,25";"3,02";"31,07";"2,51";"1,13";"16,49";"57,88";"15,25";"9,67";"82,81";"66,05";"7,42";"4";"0,74";"0,01";"0,07";"0,04";"0,32";"0,08";"15,89";"138,9";"7,79";"11,17";"4,87";"8,44";"1,45";"50,04";"83,76";"0,01";"0,93";"0,1";"18,31";"11,15";"3,65";"6,67";"1,09";"50,62";"17,85";"3,83";"8,64";"0,77";"27,84";"2,27";"0,11";"0,02";"2,15";"0";"430,38";"3"
2017;6;"2017m06";"2,33";"0,01";"0,11";"2,45";"0,58";"3,03";"2,84";"29,98";"2,36";"1,03";"15,62";"51,06";"13,98";"8,25";"73,29";"65,28";"5,88";"3,7";"0,77";"0,01";"0,04";"0,02";"0,4";"0,08";"15,22";"126,65";"8,28";"9,9";"4,19";"8,59";"0,9";"44,05";"75,91";"0";"0,95";"0,09";"16,65";"11,15";"3,71";"6,51";"1,14";"46,29";"16,26";"3,63";"9,78";"0,72";"27,38";"2,43";"0,14";"0,01";"2,15";"10,01";"402,92";"3"
2017;7;"2017m07";"2,24";"0,01";"0,14";"2,38";"0,38";"2,76";"2,52";"30,22";"2,22";"1,11";"15,66";"51,24";"14,76";"9,28";"75,29";"70,89";"5,43";"3,8";"0,63";"0,02";"0,02";"0,05";"0,35";"0,11";"15,37";"130,68";"7,21";"9,77";"4,31";"8,48";"1";"43,84";"74,62";"0";"0,77";"0,07";"16,96";"10,71";"4,3";"5,72";"0,93";"49,77";"16,28";"3,59";"9,53";"1,15";"27,06";"2,42";"0,14";"0,01";"10,73";"0";"406,35";"3"
2017;8;"2017m08";"2,37";"0,02";"0,1";"2,49";"0,42";"2,91";"3,15";"31,21";"2,58";"1,06";"15,37";"52,61";"14,42";"9,72";"76,75";"65,9";"5,03";"3,87";"0,66";"0,01";"0,01";"0,04";"0,47";"0,02";"15,74";"130,14";"7,87";"10,47";"4,52";"8";"1,09";"46,36";"78,3";"0";"0,87";"0,07";"17,83";"11,26";"4,33";"6,06";"1,09";"49,91";"16,91";"3,72";"10,85";"1,32";"28,06";"2,51";"0,25";"0,03";"4,29";"10,01";"420,04";"3"
2017;9;"2017m09";"2,73";"0,01";"0,07";"2,81";"0,63";"3,44";"2,85";"33,6";"2,72";"1,05";"15,52";"45,75";"13,19";"7,58";"66,52";"61,54";"4,03";"3,19";"0,65";"0";"0,02";"0,02";"0,49";"0,08";"15,22";"115,92";"7,63";"11,16";"4,66";"10,46";"1,09";"46,44";"81,44";"0";"0,82";"0,04";"16,25";"11,03";"4,31";"6,01";"0,97";"42,18";"17,25";"4,29";"9,4";"1,04";"28,62";"2,55";"0,18";"0,01";"2,15";"20,02";"401,35";"3"
2017;10;"2017m10";"2,89";"0,04";"0,1";"3,03";"0,58";"3,61";"3,27";"36,44";"2,99";"1,08";"15,08";"44,27";"13,33";"7,09";"64,69";"60,75";"5,35";"3,71";"0,62";"0,01";"0,02";"0,03";"0,37";"0,08";"15,27";"115,51";"7,85";"9,38";"4,46";"9,13";"0,87";"45,81";"77,5";"0";"0,7";"0,04";"17,59";"11,21";"4,36";"5,98";"1,03";"45,34";"16,36";"3,3";"9,01";"0,89";"31,84";"2,79";"0,23";"0,02";"2,15";"0";"404,08";"3"
2017;11;"2017m11";"2,7";"0,04";"0,09";"2,83";"0,74";"3,57";"3,24";"32,65";"2,8";"0,92";"13,81";"40,53";"12,05";"7,52";"60,09";"59,66";"5,56";"3,42";"0,66";"0,02";"0,03";"0,04";"0,4";"0,04";"16";"111,13";"7,71";"10,56";"4,04";"8,67";"0,95";"40,05";"71,97";"0";"0,74";"0,06";"15,82";"11,23";"4,27";"6,13";"0,97";"43,44";"15,76";"3,17";"8,12";"0,86";"28,32";"2,43";"0,2";"0,01";"6,44";"0";"379,17";"3"
2017;12;"2017m12";"2,63";"0,02";"0,08";"2,74";"0,5";"3,24";"3,01";"35,59";"2,28";"1,14";"14,52";"37,83";"11,69";"6,81";"56,33";"63,71";"6,82";"2,96";"0,65";"0,02";"0,04";"0,02";"0,45";"0,06";"15";"108,93";"7,18";"10,68";"3,88";"7,34";"0,95";"40,74";"70,76";"0";"0,55";"0,07";"14,16";"10,56";"4,3";"5,48";"1,05";"40,35";"14,87";"2,73";"7,94";"0,73";"28,31";"2,37";"0,15";"0,01";"8,58";"0";"371,04";"3"
2018;1;"2018m01";"2,76";"0,04";"0,14";"2,93";"0,93";"3,86";"3,58";"32,91";"2,41";"0,97";"12,36";"46,11";"12,07";"6,32";"64,49";"74,83";"5,77";"3,52";"0,64";"0,02";"0,06";"0,02";"0,4";"0,1";"17,33";"123,55";"7,46";"13,36";"3,98";"8,41";"0,82";"43,8";"77,84";"0";"0,73";"0,07";"16,62";"10,58";"3,7";"6,05";"1,03";"52,31";"16,46";"3,35";"5,9";"0,88";"28,54";"2,67";"0,26";"0,01";"11,12";"10,58";"399,56";"3"
2018;2;"2018m02";"2,6";"0,03";"0,12";"2,75";"0,6";"3,35";"2,91";"29,97";"2,63";"0,76";"10,56";"42,81";"12,69";"5,96";"61,46";"67,75";"4,37";"3,25";"0,67";"0,01";"0,03";"0,01";"0,38";"0,02";"17,53";"115,95";"6,83";"13,71";"3,23";"9,3";"0,68";"39,41";"73,16";"0";"0,63";"0,07";"12,59";"9,35";"3,37";"5,38";"0,78";"46,54";"14,76";"2,96";"7,1";"0,89";"25,1";"1,97";"0,24";"0";"4,45";"0";"361,58";"3"
2018;3;"2018m03";"2,99";"0,04";"0,12";"3,14";"0,64";"3,78";"3,25";"32,17";"2,66";"1,01";"13,57";"44,9";"12,83";"8,14";"65,87";"75,58";"5,4";"3,75";"0,68";"0,01";"0,03";"0,05";"0,31";"0,05";"16,04";"123,67";"7,34";"9,54";"4,37";"7,19";"0,88";"38,54";"67,87";"0";"0,8";"0,02";"15,6";"10,25";"3,96";"5,58";"0,89";"48,67";"16,43";"3,39";"7,92";"0,64";"29,17";"2,52";"0,19";"0,01";"8,9";"0";"388,15";"3"
2018;4;"2018m04";"2,79";"0,01";"0,08";"2,89";"0,59";"3,48";"2,88";"31,08";"2,51";"1,03";"14,14";"44,55";"12,32";"7,93";"64,8";"65,54";"5,23";"3,9";"0,61";"0,01";"0,03";"0,05";"0,39";"0,08";"14,76";"117,17";"7,89";"9,36";"4,39";"6,72";"0,87";"38,25";"67,49";"0";"0,59";"0,1";"15,6";"10,89";"4,21";"5,82";"1,01";"48,48";"17,23";"3,41";"7,61";"0,86";"27,6";"2,17";"0,15";"0";"2,22";"0";"378,46";"3"
2018;5;"2018m05";"2,48";"0,01";"0,08";"2,56";"0,85";"3,41";"3,13";"30,18";"2,65";"0,92";"13,78";"47,02";"13,43";"8,78";"69,23";"61,55";"4,4";"3,69";"0,61";"0,01";"0,04";"0,04";"0,55";"0,08";"16,29";"120,6";"7,97";"9,42";"4,58";"6,87";"1,06";"41,01";"70,91";"0";"0,85";"0,04";"18,49";"11,51";"4,04";"6,55";"1,08";"44,22";"17,97";"3,41";"8,37";"1,23";"27,33";"2,18";"0,26";"0,03";"6,67";"0";"391,67";"3"
2018;6;"2018m06";"2,19";"0,04";"0,06";"2,29";"0,91";"3,19";"3,33";"29,1";"2,57";"1,14";"12,7";"45,17";"13,12";"7,86";"66,16";"56,27";"4,41";"3,07";"0,65";"0,01";"0,04";"0,02";"0,47";"0,09";"15,5";"113,85";"7,46";"8,57";"4,03";"7,18";"0,91";"37,38";"65,53";"0";"0,78";"0,06";"16,85";"10,56";"3,56";"6,23";"0,98";"33,95";"17";"3,38";"7,41";"1,33";"25,83";"2,41";"0,18";"0,01";"2,22";"10,58";"362,91";"3"
2018;7;"2018m07";"2,39";"0,03";"0,05";"2,48";"0,76";"3,23";"3,18";"30,44";"2,44";"0,89";"13,76";"43,64";"12,8";"7,65";"64,08";"49,22";"4,26";"2,93";"0,55";"0,01";"0,01";"0,03";"0,34";"0,07";"13,53";"106,3";"7,54";"9,63";"3,78";"7,96";"0,8";"38,35";"68,06";"0,01";"0,74";"0,05";"18,8";"10,96";"3,86";"6,31";"0,99";"34,67";"15,97";"3,54";"8,08";"1,11";"26,73";"2,26";"0,15";"0,03";"6,67";"10,58";"365,32";"3"
2018;8;"2018m08";"2,1";"0,03";"0,08";"2,21";"1,03";"3,23";"3,12";"27,11";"2,52";"0,91";"13,2";"42,29";"12,64";"8,15";"63,09";"54,57";"3,92";"3,12";"0,63";"0,01";"0,01";"0,02";"0,36";"0,07";"15,26";"109,27";"8,14";"9,05";"4,27";"7,58";"0,94";"40,45";"70,43";"0";"0,87";"0,07";"21,06";"11,61";"4,04";"6,65";"1,17";"47,01";"17,76";"3,42";"10,06";"1,51";"26,4";"2,2";"0,14";"0,02";"4,45";"0";"383,24";"3"
2018;9;"2018m09";"2,22";"0,04";"0,08";"2,35";"0,63";"2,97";"2,96";"31,11";"2,85";"0,91";"14,58";"39,33";"12,7";"7,42";"59,46";"56,45";"3,36";"2,7";"0,6";"0,01";"0,01";"0,05";"0,93";"0,09";"13,88";"104,68";"7,8";"8,26";"3,81";"6,83";"0,94";"38,92";"66,56";"0";"0,85";"0,03";"16,35";"11,4";"4,35";"6,18";"1,07";"36,56";"16,29";"2,74";"9,51";"1,11";"27,16";"2,25";"0,1";"0,01";"8,9";"0";"363,13";"3"
2018;10;"2018m10";"2,23";"0,01";"0,06";"2,3";"0,74";"3,04";"2,86";"31,84";"2,84";"0,89";"13,86";"42,83";"14,41";"8,38";"65,62";"58,94";"3,79";"2,64";"0,55";"0,01";"0,05";"0,05";"0,48";"0,1";"13,43";"111,41";"8,31";"9,29";"4,28";"7,96";"1,2";"40,94";"71,98";"0";"0,83";"0,05";"17,22";"10,1";"3,88";"5,46";"0,96";"44,13";"15,87";"3";"6,43";"0,99";"28,38";"2,48";"0,09";"0,01";"2,22";"10,58";"381,64";"3"
2018;11;"2018m11";"2,2";"0,02";"0,07";"2,29";"0,79";"3,08";"2,69";"30,69";"2,47";"0,89";"13,28";"40,81";"13,64";"8,05";"62,5";"56,49";"4,22";"2,56";"0,49";"0,03";"0,02";"0,03";"0,46";"0,09";"13,74";"107,84";"7,71";"9,07";"4,29";"7,89";"1,02";"40,49";"70,47";"0,01";"0,7";"0,02";"16,74";"9,98";"3,86";"5,41";"0,93";"39,49";"16,02";"2,84";"7,17";"1,51";"27,08";"2,38";"0,14";"0,01";"2,22";"0";"368,02";"3"
2018;12;"2018m12";"2,01";"0,03";"0,08";"2,12";"0,51";"2,63";"2,6";"33,35";"2,5";"1,11";"15,05";"37,54";"12,46";"6,88";"56,88";"52,74";"4,58";"2,52";"0,63";"0,01";"0,02";"0,09";"0,42";"0,08";"12,6";"100";"7,86";"10,3";"3,6";"8";"0,98";"40,07";"70,82";"0,01";"0,71";"0,04";"15,67";"9,21";"3,72";"4,74";"0,96";"34,61";"14,36";"2,85";"6,67";"1,26";"28,1";"2,45";"0,14";"0,02";"2,22";"0";"360,64";"3"
2019;1;"2019m01";"2,24";"0,01";"0,09";"2,34";"0,92";"3,27";"3,35";"37,32";"2,67";"0,91";"13,56";"43,31";"14,02";"7,72";"65,05";"52,24";"4,3";"2,5";"0,67";"0,01";"0,04";"0,03";"0,51";"0,11";"13,74";"108,96";"8,22";"11,96";"4,18";"9,19";"0,98";"46,43";"80,95";"0";"0,75";"0,03";"18,16";"11,74";"4,6";"6,26";"1,17";"38,78";"16,94";"3,14";"7,36";"1,37";"34,29";"2,6";"0,18";"0,02";"4,52";"0";"404,41";"3"
2019;2;"2019m02";"1,88";"0,03";"0,05";"1,95";"0,84";"2,79";"2,61";"30,25";"2,55";"0,91";"11,87";"40,65";"12,26";"7,87";"60,78";"48,96";"3,75";"2,39";"0,67";"0,02";"0,01";"0,08";"0,35";"0,08";"12,33";"101,1";"7,8";"10,97";"3,98";"9,37";"0,92";"42,48";"75,51";"0";"0,84";"0,04";"17,94";"12,14";"4,63";"6,54";"1,17";"35,21";"17,84";"3,25";"8,08";"1,36";"28,48";"2,04";"0,21";"0,02";"9,04";"0";"377,25";"3"
2019;3;"2019m03";"2";"0,03";"0,06";"2,09";"0,77";"2,86";"3,42";"34,25";"2,72";"0,93";"12,52";"44,89";"15,24";"8,89";"69,02";"51,9";"3,7";"2,88";"0,55";"0,01";"0,02";"0,03";"0,51";"0,09";"14,78";"113,51";"7,92";"16";"3,68";"10,96";"1,17";"49,62";"89,35";"0";"0,92";"0,03";"17,43";"11,27";"4,29";"6,11";"1,05";"33,96";"17,56";"3,59";"8,08";"1,78";"32,33";"2,36";"0,17";"0,01";"4,52";"0";"418,46";"3"
2019;4;"2019m04";"2,09";"0,01";"0,06";"2,16";"0,72";"2,88";"2,7";"32,33";"2,8";"1";"12,66";"40,79";"14,06";"9,19";"64,04";"51,5";"3,87";"2,91";"0,72";"0,01";"0,02";"0,06";"0,48";"0,13";"13,02";"107,05";"7,22";"8,81";"3,52";"7,65";"1,22";"44,28";"72,7";"0";"0,88";"0,06";"18,91";"11,07";"4,32";"5,92";"1,08";"35,99";"18,15";"2,88";"9,56";"2,03";"30,8";"2,37";"0,13";"0,02";"2,26";"0";"393,28";"3"
2019;5;"2019m05";"2";"0,01";"0,09";"2,1";"1";"3,1";"2,77";"28,75";"2,7";"0,84";"13,36";"42,51";"14,07";"9,42";"66";"49,9";"4,12";"2,98";"0,54";"0,01";"0,02";"0,05";"0,5";"0,04";"12,85";"108,27";"8,58";"8,55";"4,15";"8,25";"1,28";"44,71";"75,51";"0";"0,85";"0,04";"20,28";"11,79";"4,26";"6,57";"1,15";"33,5";"18,37";"3,06";"10,27";"1,44";"29,38";"2,26";"0,12";"0,01";"0";"0";"396,21";"3"
2019;6;"2019m06";"1,92";"0,02";"0,05";"1,99";"0,89";"2,87";"2,53";"27,64";"2,4";"0,88";"14,38";"35,22";"12,67";"7,46";"55,35";"42,49";"3,47";"2,21";"0,49";"0,01";"0,02";"0,11";"0,48";"0,05";"11,5";"91,75";"7,25";"8,36";"3,65";"7,79";"1,1";"41,86";"70,02";"0";"0,77";"0,03";"17,55";"10,74";"4,42";"5,66";"0,92";"27,84";"16,5";"2,71";"9,19";"1,35";"26,06";"2,34";"0,12";"0,01";"6,78";"0";"354,67";"3"
2019;7;"2019m07";"1,81";"0,03";"0,08";"1,92";"1,13";"3,05";"2,29";"27,45";"2,33";"0,87";"13,46";"38,44";"12,89";"7";"58,33";"43,48";"4";"2,23";"0,42";"0,01";"0";"0,07";"0,56";"0,09";"12,24";"96,46";"7,84";"9,09";"4,32";"8,06";"1,33";"44,21";"74,85";"0";"0,78";"0,07";"21,01";"10,78";"4,11";"5,77";"1,08";"32,03";"16,84";"2,84";"10,75";"1,55";"27,1";"2,32";"0,19";"0,04";"0";"0";"381,22";"3"
2019;8;"2019m08";"1,85";"0,01";"0,03";"1,89";"1";"2,89";"2,63";"27,55";"2,66";"0,94";"14,07";"37,35";"12,99";"6,91";"57,26";"43,14";"3,4";"2,5";"0,6";"0,01";"0,01";"0,05";"0,57";"0,1";"10,4";"93,29";"7,88";"9,08";"3,9";"8,88";"1,07";"42,15";"72,96";"0";"0,76";"0,07";"20,53";"10,78";"3,87";"6,18";"0,99";"28,23";"18,03";"2,76";"11,74";"1,53";"26,99";"2,12";"0,16";"0,05";"4,52";"0";"377,95";"3"
2019;9;"2019m09";"1,79";"0,03";"0,04";"1,87";"0,89";"2,76";"1,99";"27,75";"2,79";"0,91";"13,6";"33,53";"11,96";"5,76";"51,25";"35,35";"2,7";"2,1";"0,46";"0";"0,01";"0,05";"0,46";"0,12";"8,36";"80,64";"6,91";"7,76";"3,46";"8,41";"1,22";"39,57";"67,34";"0";"0,91";"0,04";"19,35";"10,26";"4,04";"5,45";"0,91";"25,74";"16,09";"2,68";"11,5";"1,43";"27,71";"2,31";"0,11";"0,08";"9,04";"0";"346,28";"3"
2019;10;"2019m10";"1,86";"0,02";"0,02";"1,9";"0,84";"2,75";"2,47";"33,04";"3,08";"1,08";"13,7";"36,44";"12,76";"6,43";"55,63";"40,86";"3,37";"2,11";"0,55";"0";"0,04";"0,05";"0,5";"0,1";"10,06";"89,92";"6,93";"8,91";"4,05";"10,94";"1,38";"43,86";"76,08";"0";"0,88";"0,08";"24,19";"11,05";"4,43";"5,83";"0,97";"24,46";"16,99";"3,11";"10,36";"1,63";"30,66";"2,46";"0,1";"0,02";"6,78";"0";"380,88";"3"
2019;11;"2019m11";"1,85";"0,02";"0,08";"1,95";"0,79";"2,74";"2,2";"31,23";"2,45";"1,1";"13,04";"31,46";"11,71";"6,38";"49,54";"40,1";"3,01";"2,06";"0,36";"0";"0,02";"0,05";"0,61";"0,08";"9,93";"82,87";"6,71";"8,83";"3,64";"8,57";"1,35";"40,34";"69,45";"0";"0,66";"0,03";"22,56";"10,24";"4,38";"5,06";"0,98";"22,95";"15,78";"2,76";"9,32";"1,28";"28,61";"2,26";"0,12";"0,02";"0";"0";"352,06";"3"
2019;12;"2019m12";"1,91";"0,05";"0,03";"1,98";"0,72";"2,7";"2,37";"31,28";"2,43";"1,09";"13,86";"29,33";"10,57";"5,95";"45,85";"41,87";"3,52";"2,13";"0,51";"0,04";"0,01";"0,06";"0,67";"0,1";"10,24";"81,14";"7,11";"9,04";"3,37";"8,2";"1,29";"41,6";"70,61";"0,01";"0,62";"0,04";"21,06";"9,96";"4,8";"4,72";"0,61";"27,6";"14,98";"2,32";"6,54";"1,28";"27,02";"2,2";"0,13";"0,01";"2,26";"0";"345,57";"3"
2020;1;"2020m01";"2,07";"0,02";"0,05";"2,14";"0,9";"3,04";"2,59";"31,01";"2,3";"0,84";"11,18";"35,77";"12,64";"6,82";"55,23";"43,48";"3,33";"2,39";"0,43";"0,01";"0,03";"0,03";"0,57";"0,17";"10,7";"91,63";"7,88";"12,23";"3,36";"10,07";"1,61";"49,45";"84,6";"0";"0,57";"0,05";"22,81";"9,93";"4,24";"5,06";"0,81";"28,5";"16,5";"2,78";"7,71";"1,53";"28,54";"2,31";"0,21";"0,01";"4,53";"0";"379,53";"3"
2020;2;"2020m02";"1,88";"0,01";"0,06";"1,95";"0,95";"2,9";"2,43";"31,22";"2,42";"0,88";"10,91";"32,86";"11,92";"7,49";"52,27";"39,1";"2,41";"2,21";"0,35";"0,01";"0,04";"0,02";"0,47";"0,07";"8,98";"83,71";"6,82";"12,31";"3,28";"13,1";"1,33";"42,3";"79,15";"0";"0,59";"0,06";"20,47";"10,03";"4,48";"5,06";"0,64";"23,9";"16,64";"2,49";"6,87";"1,4";"26,8";"2,18";"0,23";"0,01";"2,26";"0";"362,79";"3"
2020;3;"2020m03";"2,16";"0,01";"0,05";"2,22";"0,66";"2,88";"2,08";"23,48";"2,12";"0,75";"7,2";"25,39";"8,89";"5,68";"39,95";"32,69";"2,11";"1,78";"0,41";"0";"0,04";"0,03";"0,54";"0,1";"9,92";"69,01";"6,43";"6,98";"2,27";"6,57";"1,04";"38,96";"62,25";"0";"0,57";"0,09";"17,8";"8,48";"3,22";"4,7";"0,74";"20,37";"14,67";"2,22";"5,27";"1,04";"18,71";"1,57";"0,09";"0";"4,53";"0";"287,41";"3"
2020;4;"2020m04";"1,8";"0,03";"0,03";"1,86";"1,03";"2,89";"1,87";"15,7";"1,39";"0,77";"3,37";"14,61";"5,67";"2,82";"23,1";"24,63";"1,94";"0,97";"0,32";"0,01";"0,02";"0,01";"0,31";"0,07";"8,11";"45,52";"5,32";"1,63";"0,61";"1,76";"0,61";"23,07";"33";"0";"0,55";"0,05";"14,96";"8,28";"2,47";"5,29";"0,71";"14,87";"14,14";"2,36";"3,14";"0,01";"12,78";"1,03";"0,15";"0,02";"2,26";"0";"189,23";"3"
2020;5;"2020m05";"1,57";"0";"0,03";"1,61";"0,75";"2,36";"1,68";"14";"1,5";"0,75";"3,94";"14,13";"5,43";"2,42";"21,98";"21,16";"2,62";"0,97";"0,27";"0,01";"0,05";"0,01";"0,25";"0,03";"6,83";"42,16";"5,21";"1,47";"0,62";"2,05";"0,48";"24,59";"34,43";"0";"0,49";"0,04";"20,59";"9,11";"3,08";"5,39";"0,81";"13,22";"12,5";"1,81";"3,96";"0,03";"13,26";"1,04";"0,09";"0,02";"0";"11,17";"201,75";"3"
2020;6;"2020m06";"1,49";"0,01";"0,01";"1,52";"0,2";"1,71";"1,77";"18,18";"2,27";"0,82";"5,08";"16,41";"5,48";"3,34";"25,23";"23,25";"2,33";"1,15";"0,22";"0";"0,03";"0,05";"0,28";"0,09";"6,22";"45,63";"5,5";"1,91";"0,99";"2,14";"0,46";"27,64";"38,63";"0";"0,54";"0,07";"30,02";"8,65";"3,41";"4,71";"0,75";"14,14";"12,36";"1,77";"4,4";"0,05";"16,29";"1,21";"0,12";"0,01";"6,79";"0";"241,46";"3"
2020;7;"2020m07";"1,48";"0,02";"0,04";"1,54";"0,3";"1,84";"2,17";"22,65";"2,2";"0,95";"8,79";"22,16";"7,74";"4,87";"34,77";"24,22";"3,13";"1,31";"0,44";"0";"0,03";"0,09";"0,41";"0,07";"7,84";"58,59";"6,11";"3,35";"1,48";"3,63";"0,59";"33,7";"48,86";"0";"0,77";"0,07";"34,88";"10,62";"4,73";"5,15";"0,92";"16,09";"15,04";"1,99";"7,66";"0,07";"21,08";"1,37";"0,1";"0,02";"2,26";"0";"295,07";"3"
2020;8;"2020m08";"1,5";"0,01";"0,07";"1,58";"0,29";"1,88";"2,04";"24,27";"2,64";"0,93";"9,81";"20,05";"7,21";"3,8";"31,06";"23,83";"2,39";"1,4";"0,24";"0,01";"0,03";"0,02";"0,43";"0,09";"6,86";"52,85";"6,38";"4,04";"1,98";"4,3";"0,74";"33,15";"50,59";"0";"0,68";"0,02";"26,45";"11,81";"5,81";"5,28";"0,99";"17,07";"16,79";"1,98";"8,71";"0,2";"23,63";"1,58";"0,17";"0,02";"0";"22,34";"290,05";"3"
2020;9;"2020m09";"1,38";"0,02";"0,04";"1,44";"0,31";"1,75";"1,98";"26,28";"2,77";"0,99";"9,65";"20,56";"7,6";"3,35";"31,52";"23,12";"1,86";"1,69";"0,35";"0";"0,02";"0,01";"0,33";"0,16";"6,61";"52,59";"6,14";"4,02";"2,18";"4,74";"0,76";"33,94";"51,79";"0,01";"0,61";"0,03";"23,55";"11,44";"5,61";"5,13";"0,86";"15,57";"14,39";"2,62";"6,1";"0,21";"23,6";"1,71";"0,13";"0,01";"0";"0";"280,87";"3"
2020;10;"2020m10";"1,6";"0,01";"0,03";"1,64";"0,84";"2,47";"2,33";"26,53";"2,61";"1,01";"10,58";"22,9";"7,36";"4,43";"34,69";"25,13";"2,06";"1,67";"0,28";"0";"0";"0,03";"0,3";"0,09";"7,15";"57,22";"6,1";"4,69";"2,49";"5,8";"0,91";"33,83";"53,8";"0";"0,61";"0,06";"26,48";"11,64";"5,6";"5,25";"1";"16,04";"16,07";"2,13";"5,73";"0,21";"24,18";"1,71";"0,14";"0,02";"4,53";"0";"292,77";"3"
2020;11;"2020m11";"1,87";"0,01";"0,05";"1,93";"0,47";"2,4";"2,31";"26,65";"2,69";"1,06";"10,21";"21,71";"7,51";"4,08";"33,29";"27,51";"1,91";"1,57";"0,41";"0,01";"0,01";"0,04";"0,37";"0,07";"7,47";"57,16";"6,07";"4,83";"2,28";"5,87";"0,85";"31,16";"51,06";"0,01";"0,62";"0,04";"21,48";"10,03";"4,63";"4,73";"0,85";"16,82";"15,17";"2,2";"3,7";"0,21";"23,39";"1,82";"0,11";"0,02";"2,26";"11,17";"276,56";"3"
2020;12;"2020m12";"1,63";"0,02";"0,05";"1,7";"0,48";"2,18";"1,85";"26,93";"2,45";"1,11";"9,53";"20,44";"7,34";"4,11";"31,89";"30,34";"2,65";"1,87";"0,43";"0";"0,02";"0,03";"0,39";"0,14";"7,9";"58,61";"6,41";"4,66";"1,84";"5,88";"0,91";"31,8";"51,48";"0";"0,65";"0,03";"20,44";"9,86";"4,52";"4,77";"0,77";"15,7";"15,43";"2,08";"5,23";"0,23";"23,76";"1,78";"0,12";"0";"2,26";"11,17";"276,12";"3"
2021;1;"2021m01";"2,12";"0,02";"0,07";"2,21";"0,85";"3,07";"2,75";"30,73";"2,71";"1,01";"9,58";"23,11";"8,14";"5,91";"37,16";"30,65";"2,1";"1,71";"0,53";"0";"0,06";"0,03";"0,42";"0,24";"8,15";"63,85";"6,83";"4,91";"2,05";"6,35";"0,92";"32,94";"54";"0";"0,66";"0,03";"22,55";"10,53";"4,6";"5,25";"0,88";"17,12";"16,88";"2,56";"4,67";"0,29";"28,05";"2,21";"0,2";"0,02";"0";"0";"302,3";"3"
2021;2;"2021m02";"1,42";"0,02";"0,07";"1,51";"0,85";"2,37";"1,92";"25,93";"2,39";"0,91";"8,59";"22,89";"7,72";"5,62";"36,23";"28,5";"2,03";"1,88";"0,46";"0";"0,06";"0,04";"0,31";"0,15";"7,75";"61,45";"6,69";"4,25";"2,11";"5,91";"0,81";"32,52";"52,29";"0";"0,68";"0,06";"24,18";"9,61";"3,93";"5,05";"0,79";"16,17";"16,52";"2,04";"4,74";"0,2";"23,81";"1,69";"0,14";"0,03";"3,75";"0";"283,18";"3"
2021;3;"2021m03";"1,81";"0,04";"0,05";"1,9";"0,91";"2,81";"2,38";"27,33";"2,49";"0,89";"9,47";"22,61";"7,88";"6,05";"36,54";"30,96";"2,29";"2,01";"0,53";"0";"0,06";"0,05";"0,44";"0,1";"9,25";"64,93";"6,59";"4,51";"2,25";"5,59";"1,06";"34,74";"54,75";"0,01";"0,81";"0,08";"30,67";"11,11";"4,63";"5,69";"1,03";"18,63";"17,97";"2,25";"6,18";"0,2";"26,21";"1,9";"0,13";"0,01";"3,75";"0";"313,87";"3"
2021;4;"2021m04";"1,76";"0,03";"0,04";"1,83";"0,83";"2,66";"1,94";"23,01";"2,38";"0,9";"8,15";"19,09";"6,45";"5,59";"31,14";"27,49";"2,28";"1,75";"0,6";"0";"0,03";"0,02";"0,31";"0,09";"7,56";"55,95";"6,6";"3,53";"2,27";"4,6";"0,87";"30,17";"48,04";"0";"0,75";"0,02";"28,11";"10,69";"4,57";"5,22";"1,01";"16,36";"16,17";"2,2";"5,08";"0,16";"22,49";"1,6";"0,11";"0,03";"0";"0";"276,37";"3"
2021;5;"2021m05";"1,54";"0,02";"0,04";"1,6";"0,65";"2,24";"1,96";"23,16";"2,49";"0,95";"8,55";"20,35";"7,16";"4,96";"32,47";"26,08";"2,26";"1,79";"0,41";"0,01";"0,04";"0,06";"0,39";"0,08";"7,43";"56,53";"6,86";"4,33";"2,35";"5,32";"0,91";"31,79";"51,56";"0,01";"0,78";"0,03";"32";"10,96";"4,97";"5,27";"0,88";"14,78";"15,99";"1,86";"5,61";"0,25";"23,28";"1,66";"0,17";"0,01";"0";"0";"288,78";"3"
2021;6;"2021m06";"1,35";"0,04";"0,01";"1,41";"0,56";"1,97";"1,93";"21,79";"2,03";"0,83";"8,16";"19,21";"7,18";"5,16";"31,55";"24,68";"2,24";"1,59";"0,47";"0,01";"0,05";"0,02";"0,42";"0,09";"7,37";"54,79";"6,51";"4,28";"2,64";"6,12";"0,89";"33,07";"53,51";"0";"0,83";"0,09";"31,91";"10,83";"4,8";"5,28";"1,02";"14,4";"15,93";"1,94";"5,77";"0,2";"22,86";"1,89";"0,12";"0,02";"0";"0";"289,27";"3"
2021;7;"2021m07";"1,45";"0,01";"0,03";"1,49";"0,58";"2,07";"1,82";"23,37";"2,39";"0,87";"9,51";"21,07";"7,67";"4,9";"33,64";"27,52";"2,08";"1,52";"0,43";"0,01";"0,04";"0,02";"0,26";"0,12";"7,09";"57,5";"7,06";"5,05";"2,68";"6,58";"0,88";"31,41";"53,65";"0";"0,84";"0,05";"32,95";"9,84";"4,27";"4,72";"1";"14,08";"15,7";"1,88";"5,81";"0,21";"23,52";"1,93";"0,1";"0,01";"0";"0";"297,07";"3"
2021;8;"2021m08";"1,48";"0,01";"0,07";"1,56";"0,65";"2,21";"1,84";"23,92";"2,45";"0,84";"8,91";"19,87";"6,77";"4,45";"31,09";"27,42";"2,26";"1,61";"0,47";"0,01";"0,07";"0,03";"0,36";"0,08";"6,79";"54,91";"7,17";"5";"2,85";"7,36";"0,87";"31,65";"54,89";"0";"0,78";"0,07";"36,73";"10,41";"4,77";"4,92";"0,92";"14,49";"16,49";"2";"6,42";"0,27";"25,52";"1,87";"0,11";"0,03";"1,88";"0";"301,23";"3"
2021;9;"2021m09";"1,53";"0,01";"0,07";"1,61";"0,44";"2,05";"1,58";"23,92";"2,54";"0,85";"8,33";"19,88";"6,72";"3,85";"30,46";"25,8";"2,24";"1,35";"0,44";"0";"0,05";"0,02";"0,25";"0,11";"6,57";"52,93";"6,77";"4,74";"2,52";"6,83";"0,91";"31,77";"53,54";"0";"0,87";"0,05";"34,14";"10,8";"4,86";"5,13";"1";"15,12";"16,19";"1,87";"5,46";"0,25";"24,12";"2,1";"0,09";"0";"0";"0";"293,83";"3"
2021;10;"2021m10";"1,55";"0,02";"0,06";"1,64";"0,69";"2,33";"1,81";"23,98";"2,63";"0,88";"8,4";"17,9";"7,01";"3,65";"28,57";"24,34";"1,85";"1,19";"0,53";"0";"0,03";"0,02";"0,29";"0,05";"6,32";"49,68";"6,92";"4,32";"2,09";"7,04";"0,93";"31,07";"52,37";"0";"0,8";"0,05";"31,87";"10,91";"4,83";"5,08";"1,15";"13,36";"15,68";"1,93";"4,83";"0,33";"23,03";"1,99";"0,11";"0,02";"1,88";"11,56";"282,42";"3"
2021;11;"2021m11";"1,34";"0,02";"0,09";"1,44";"0,47";"1,91";"1,38";"25,18";"2,67";"0,9";"8,67";"18,14";"6,55";"3,2";"27,89";"20,79";"2,07";"1,34";"0,5";"0,01";"0,05";"0,04";"0,22";"0,09";"5,79";"47,25";"7,62";"5,86";"2,96";"9,63";"1,13";"34,11";"61,31";"0";"0,91";"0,06";"42,33";"10,16";"4,73";"4,57";"0,97";"12,36";"15,57";"1,93";"5,48";"0,34";"23,06";"2,11";"0,14";"0,03";"1,88";"0";"302,19";"3"
2021;12;"2021m12";"1,38";"0,01";"0,03";"1,42";"0,33";"1,75";"1,62";"25,76";"2,28";"0,96";"8,79";"16,87";"5,99";"3,67";"26,53";"21,99";"2,37";"1,35";"0,46";"0,01";"0,05";"0,02";"0,29";"0,07";"5,79";"46,78";"7,51";"6,74";"3,26";"11,23";"1,29";"40,41";"70,44";"0";"0,82";"0,06";"62,26";"9,1";"4,12";"4,2";"0,94";"11,21";"14,64";"1,66";"4,47";"0,21";"23,85";"2,34";"0,15";"0,02";"3,75";"0";"345,01";"3"
2022;1;"2022m01";"1,46";"0,03";"0,03";"1,52";"0,57";"2,09";"1,76";"28,4";"2,49";"0,73";"7,3";"19,2";"6,97";"3,18";"29,35";"23,9";"2,07";"1,19";"0,34";"0,01";"0,05";"0,02";"0,27";"0,15";"5,7";"49,83";"7,57";"6,59";"3,17";"11,23";"1,38";"38,81";"68,76";"0";"1,19";"0,09";"58,98";"10,02";"4,43";"4,74";"1,02";"12,68";"15,15";"1,99";"4,38";"0,2";"25,54";"2,45";"0,14";"0,02";"2,3";"0";"347,56";"3"
2022;2;"2022m02";"1,46";"0,01";"0,02";"1,5";"0,58";"2,08";"1,68";"26,51";"2,41";"0,94";"8,05";"17,82";"6,51";"3,23";"27,56";"22,66";"1,83";"1,32";"0,29";"0,01";"0,05";"0,05";"0,29";"0,05";"5,69";"47,29";"7,46";"7,14";"3,48";"12,44";"1,37";"38,18";"70,07";"0";"0,98";"0,07";"55,97";"9,97";"4,43";"4,7";"1";"12,9";"15,95";"2,02";"4,52";"0,29";"24,98";"3,37";"0,76";"0,01";"0";"0";"344,25";"3"
2022;3;"2022m03";"1,53";"0,01";"0,03";"1,57";"0,8";"2,37";"1,93";"31,74";"3,05";"0,92";"10,1";"20,29";"8";"3,42";"31,72";"27,52";"1,95";"1,37";"0,43";"0";"0,03";"0,02";"0,22";"0,09";"6,26";"54,47";"9,05";"8,5";"3,62";"15,38";"1,9";"47,45";"85,89";"0";"0,77";"0,08";"63,68";"11,01";"5,09";"4,91";"1,18";"13,54";"17,59";"2,45";"5,56";"0,33";"29,65";"2,39";"0,15";"0,02";"2,3";"11,97";"398,74";"3"
2022;4;"2022m04";"1,55";"0,01";"0,01";"1,58";"0,51";"2,09";"1,53";"27,19";"2,35";"0,83";"9";"19,62";"7,56";"3,14";"30,32";"25,09";"1,85";"1,13";"0,38";"0";"0,02";"0,02";"0,22";"0,06";"5,84";"51,14";"8,29";"9,1";"3,57";"15,31";"1,66";"42,75";"80,68";"0";"0,91";"0,07";"56,96";"10,22";"4,95";"4,65";"0,79";"12,49";"16,1";"1,92";"4,59";"0,25";"26,7";"2,12";"0,17";"0,01";"2,3";"0";"365,4";"3"
2022;5;"2022m05";"1,22";"0,01";"0,02";"1,25";"0,81";"2,05";"1,94";"25,53";"2,93";"0,9";"10,23";"19,22";"7,09";"3,37";"29,68";"26,47";"1,66";"1,12";"0,37";"0";"0,04";"0,03";"0,21";"0,1";"5,84";"51,01";"7,99";"7,02";"4,5";"13,32";"1,59";"45,41";"79,83";"0";"1";"0,12";"64,68";"9,96";"3,84";"5,25";"1,04";"14,3";"17,06";"1,82";"5,95";"0,36";"26,43";"2,24";"0,21";"0,02";"2,3";"0";"378,46";"3"
2022;6;"2022m06";"1,31";"0,01";"0,05";"1,36";"0,45";"1,82";"1,7";"23,4";"2,53";"0,73";"9,76";"18,52";"7,96";"4";"30,48";"23,85";"1,62";"1,33";"0,39";"0,02";"0,03";"0,03";"0,25";"0,09";"5,55";"50,58";"7,89";"6,52";"4,25";"12,31";"1,28";"41,49";"73,74";"0";"0,97";"0,12";"59,97";"9,2";"3,81";"4,69";"0,84";"14,35";"15,93";"1,73";"6,1";"0,4";"23,28";"2,39";"0,17";"0,02";"2,3";"11,97";"354,09";"3"
2022;7;"2022m07";"1,71";"0,01";"0,03";"1,75";"0,81";"2,56";"1,56";"27,01";"2,95";"1,05";"10,57";"19,43";"8,53";"3,12";"31,08";"25,55";"1,57";"1,07";"0,36";"0,01";"0,02";"0,03";"0,26";"0,06";"6,01";"52,07";"8,04";"7,3";"3,83";"14,4";"1,74";"43,68";"78,99";"0";"0,87";"0,05";"60,61";"10,1";"4,66";"4,55";"1,05";"14,22";"17,11";"2,09";"6,1";"0,4";"26,24";"2,51";"0,15";"0,01";"4,59";"0";"375,42";"3"
2022;8;"2022m08";"1,24";"0,02";"0,03";"1,3";"0,81";"2,1";"1,88";"27,46";"2,86";"1,04";"10,13";"19,47";"8,41";"3,03";"30,9";"25,9";"2,08";"1,24";"0,44";"0";"0,03";"0,07";"0,21";"0,08";"6,13";"52,97";"8,02";"7,15";"4,42";"13,88";"1,45";"43,91";"78,83";"0";"0,96";"0,16";"66,57";"9,93";"4,23";"4,87";"1,01";"14,4";"17,11";"2,09";"6,62";"0,45";"29,16";"2,66";"0,21";"0,01";"2,3";"0";"395,18";"3"
2022;9;"2022m09";"1,53";"0,03";"0,01";"1,57";"0,5";"2,07";"1,51";"26,61";"2,72";"0,95";"9,56";"18,33";"8,4";"3,84";"30,56";"27,85";"2";"1,2";"0,43";"0,01";"0,03";"0,02";"0,28";"0,06";"6,24";"53,52";"8,04";"7,2";"4,13";"19,96";"1,39";"43,6";"84,32";"0";"1,12";"0,05";"60,17";"9,69";"4,8";"4,27";"0,82";"13,76";"16,89";"1,91";"5,44";"0,44";"26,95";"2,3";"0,16";"0,01";"0";"0";"379,25";"3"
2022;10;"2022m10";"1,66";"0,02";"0,06";"1,75";"0,58";"2,33";"1,74";"32,44";"3,02";"0,94";"10,36";"17,67";"8,42";"3,18";"29,28";"30,87";"2,29";"1,08";"0,36";"0";"0,02";"0,01";"0,2";"0,09";"6,47";"53,89";"8,11";"6,98";"3,84";"15,6";"1,29";"42,24";"78,05";"0";"1,57";"0,09";"53,1";"9,09";"4,44";"4";"0,75";"15,51";"16,95";"2,56";"4,86";"0,45";"29,26";"2,65";"0,21";"0,01";"9,19";"0";"378,91";"3"
2022;11;"2022m11";"1,5";"0,01";"0,05";"1,57";"0,66";"2,22";"1,69";"26";"2,58";"0,95";"8,67";"17,76";"7,46";"2,82";"28,04";"31,92";"2,59";"1,15";"0,4";"0";"0,04";"0,04";"0,2";"0,07";"6,6";"53,75";"8,44";"7,05";"3,68";"14,28";"1,26";"40,77";"75,47";"0";"1,18";"0,14";"54,15";"8,9";"4,24";"4,09";"0,7";"16,12";"14,71";"2,15";"4,79";"0,46";"26,03";"2,42";"0,16";"0,01";"6,89";"0";"358,74";"3"
2022;12;"2022m12";"1,42";"0,01";"0,02";"1,45";"0,56";"2,01";"1,61";"29,26";"2,48";"0,92";"9,71";"17,44";"7,87";"2,98";"28,28";"28,17";"2,82";"1,27";"0,52";"0";"0,02";"0,04";"0,3";"0,06";"6,93";"53,14";"8,14";"6,52";"3,84";"14,61";"1,4";"43,49";"77,99";"0";"1,74";"0,1";"57,7";"10,66";"4,64";"5,31";"0,84";"13,37";"16,41";"1,9";"4,3";"0,51";"27,42";"2,74";"0,17";"0,01";"4,59";"0";"376,8";"3"
2023;1;"2023m01";"1,49";"0,02";"0,04";"1,56";"0,6";"2,15";"1,8";"29,2";"2,85";"0,91";"9,43";"16,77";"7,06";"2,88";"26,71";"22,74";"1,79";"1";"0,42";"0";"0,04";"0,03";"0,28";"0,09";"5,43";"46,21";"8,09";"8,7";"3,61";"15,77";"1,49";"44,52";"82,19";"0";"1,73";"0,05";"62,45";"10,33";"4,62";"4,97";"0,9";"15,12";"17,93";"2,11";"4,84";"0,34";"29,7";"2,88";"0,22";"0";"0";"0";"389,81";"3"
2023;2;"2023m02";"1,75";"0,02";"0,02";"1,8";"0,56";"2,36";"1,7";"31,48";"2,36";"0,79";"9,49";"15,7";"6,33";"2,16";"24,19";"19,75";"1,76";"0,79";"0,36";"0";"0,02";"0,03";"0,16";"0,06";"4,52";"40,95";"7,45";"11,5";"2,92";"19,96";"1,49";"39,43";"82,76";"0";"1,37";"0,06";"48,94";"9,17";"4,24";"4,23";"0,9";"13,11";"16,37";"1,84";"4,96";"0,53";"28,95";"2,99";"0,18";"0,02";"4,57";"0";"366,12";"3"
2023;3;"2023m03";"1,97";"0,03";"0,04";"2,04";"0,7";"2,74";"2,01";"32,53";"3,08";"0,98";"11,16";"16,65";"7,19";"2,8";"26,64";"28,84";"2,79";"0,91";"0,56";"0";"0,03";"0,02";"0,25";"0,07";"5,62";"50,15";"9,47";"7,71";"3,74";"14,28";"1,89";"44,25";"81,33";"0";"1,65";"0,06";"64,15";"11,4";"5,19";"5,23";"1,16";"17,22";"19,48";"2,24";"7,09";"0,72";"35,9";"3,24";"0,18";"0,02";"4,57";"0";"426,54";"3"
2023;4;"2023m04";"1,62";"0,03";"0,03";"1,68";"0,52";"2,2";"1,58";"27,91";"2,55";"0,86";"10,35";"14,3";"6,47";"2,22";"22,98";"27,89";"2,28";"0,94";"0,44";"0";"0,02";"0,02";"0,22";"0,07";"5,31";"45,17";"8,31";"6,06";"3,53";"12,69";"1,64";"39,98";"72,21";"0";"1,15";"0,06";"51,4";"11,54";"5,46";"5,08";"1,14";"15,71";"18,57";"2,4";"5,15";"0,59";"32,02";"2,65";"0,15";"0,01";"4,57";"0";"369,08";"3"
2023;5;"2023m05";"1,71";"0,01";"0,07";"1,79";"0,38";"2,17";"1,9";"27,45";"2,63";"1,07";"11,48";"14,83";"7,61";"2,72";"25,15";"29,57";"2,06";"1,1";"0,52";"0";"0,05";"0,01";"0,16";"0,07";"6,25";"49,07";"8,35";"6,54";"4,5";"14,05";"2,01";"44,04";"79,49";"0";"1,37";"0,05";"58,2";"12,9";"6,93";"5,11";"1,05";"20,21";"21,57";"1,97";"5,99";"0,67";"29,94";"2,57";"0,17";"0,01";"0";"0";"407,23";"3"
2023;6;"2023m06";"1,44";"0,01";"0,01";"1,47";"0,52";"1,99";"1,43";"25,35";"2,66";"0,95";"10,95";"13,65";"7,3";"2,93";"23,88";"22,43";"1,36";"0,94";"0,43";"0";"0,02";"0,03";"0,16";"0,1";"5,4";"42,74";"7,67";"6,29";"3,85";"13,29";"1,44";"41,03";"73,57";"0";"1,42";"0,09";"52,87";"10,86";"5,13";"5,02";"0,9";"16,31";"18,15";"2,2";"6,1";"0,7";"28,12";"2,35";"0,12";"0,01";"4,57";"0";"368,68";"3"
2023;7;"2023m07";"1,2";"0,02";"0,03";"1,25";"0,47";"1,72";"1,28";"27,81";"2,58";"0,97";"11,47";"13,63";"7,08";"2,82";"23,52";"14,46";"0,75";"0,83";"0,37";"0";"0,01";"0,02";"0,17";"0,09";"4,59";"37,42";"6,88";"6,48";"3,81";"14,19";"1,65";"42,15";"75,16";"0";"1,57";"0,04";"54,61";"11,31";"5,6";"4,69";"1,26";"12,82";"17,65";"1,87";"6,2";"0,54";"27,8";"2,57";"0,12";"0,02";"0";"0";"365,62";"2"
2023;8;"2023m08";"1,4";"0,01";"0,02";"1,43";"0,21";"1,64";"1,22";"27,42";"2,75";"0,85";"11,78";"15,18";"8,15";"3,39";"26,72";"17,61";"0,89";"0,74";"0,39";"0";"0,03";"0,03";"0,22";"0,1";"4,78";"42,12";"7,55";"7,26";"4,42";"16,8";"1,67";"43,87";"81,57";"0";"1,84";"0,05";"59,01";"10,45";"5,41";"4,15";"1,07";"12,6";"16,7";"1,83";"7,3";"0,64";"29,75";"2,5";"0,13";"0,03";"0";"0";"395,12";"2"
2023;9;"2023m09";"1,62";"0,03";"0,03";"1,69";"0,21";"1,9";"1,59";"30,48";"2,6";"0,9";"12,51";"13,87";"7,49";"2,95";"24,31";"21,03";"1,02";"0,78";"0,4";"0,01";"0,01";"0,02";"0,15";"0,09";"4,74";"41,37";"7,95";"7,14";"4,16";"16,31";"1,5";"42,14";"79,2";"0";"1,53";"0,04";"52,59";"10,22";"5,58";"3,88";"0,93";"13,34";"15,9";"2,17";"6,65";"0,63";"30,23";"2,93";"0,13";"0,02";"2,29";"0";"382,59";"2"
